Case_ID,Product,Folder,Language,Ground_Truth_Category,Primary_Category,Secondary_Categories,Abstained,Primary_Evidence_Strength,Dominant_Mechanism,Ranked_Categories,Top1_Prediction,Top2_Predictions,Top1_Correct,Top2_Correct,Mis_Status,Mis_Strength,Mis_Col_Anchor_Break_px,Mis_Residual_Disp_px,Mis_Direction_Coherence,Ov_Status,Ov_Strength,Ov_Total_Intersection_Area_px2,Ov_Max_Horizontal_Intrusion_px,Ov_Max_Vertical_Intrusion_px,Tr_Status,Tr_Strength,Tr_Verified_Ellipsis_Count,Tr_Max_Overflow_px,Tr_Container_Accommodated_Count,Un_Status,Un_Strength,Un_Genuine_Untrans_Strings,Un_Total_Latin_Words,Un_Tech_Brand_Tokens,HK_Status,HK_Strength,GT_is_Primary,GT_is_Secondary,GT_Evidence_Present,GT_Evidence_Strength,GT_Evidence_Absent,GT_Visually_Unsupported,Error_Bucket,Failure_Domain,Why_Another_Won,Competing_Evidence_Nature,Causal_Explanation
9,Civil3d,Civil3d-01,RUS,Misalignment,Misalignment,Overlapping;Truncation;Untranslation,False,1.0,"Structural Column Grid Break (486.0px anchor break, 393.5px residual drift)",Misalignment;Truncation;Overlapping;Untranslation;Repeated hotkey,Misalignment,Misalignment;Overlapping,True,True,STRONG_EVIDENCE,1.0,486.0,393.53,0.113,STRONG_EVIDENCE,0.692,1600,100,16,STRONG_EVIDENCE,1.0,0,396,0,STRONG_EVIDENCE,0.2,1,2,0,VISUALLY_UNSUPPORTED,-1.0,True,False,True,1.0,False,False,CORRECT_PRIMARY,,,,"Primary diagnosis is Misalignment (strength: 1.000) driven by Structural Column Grid Break (486.0px anchor break, 393.5px residual drift). Causal Precedence: Causal Rule 2: Structural column grid break outranks downstream viewport edge clipping. Causal Rule 3: Positive inter-sibling intrusion outranks internal boundary clipping. Coexisting secondary defect mechanisms preserved: Overlapping (strength: 0.720), Truncation (strength: 0.450), Untranslation (strength: 0.292). Repeated hotkey remains VISUALLY_UNSUPPORTED via plain OCR."
10,Civil3d,Civil3d-12,FRA,Misalignment,Untranslation,Truncation;Misalignment,False,1.0,"Preserved User-Facing English Lexicon (10 untranslated strings, 18 Latin words)",Untranslation;Misalignment;Truncation;Overlapping;Repeated hotkey,Untranslation,Untranslation;Truncation,False,True,STRONG_EVIDENCE,0.756,97.0,103.0,0.038,MODERATE_EVIDENCE,0.0,0,0,0,STRONG_EVIDENCE,0.6,1,0,3,STRONG_EVIDENCE,1.0,10,18,1,VISUALLY_UNSUPPORTED,-1.0,False,True,True,0.756,False,False,WRONG_PRIMARY_GT_IN_SECONDARY,ARBITRATION_PROBLEM (Multi-defect precedence ranking),Untranslation generated higher continuous specificity (1.0) than Misalignment (0.756).,Downstream consequence or compound coexisting defect,"Primary diagnosis is Untranslation (strength: 1.000) driven by Preserved User-Facing English Lexicon (10 untranslated strings, 18 Latin words). Causal Precedence: Causal Rule 1: Untranslated English text outranks downstream layout reflow/contact. Causal Rule 3: Verified localized ellipsis / rigid container overflow outranks incidental contact. Coexisting secondary defect mechanisms preserved: Truncation (strength: 0.650), Misalignment (strength: 0.640). Repeated hotkey remains VISUALLY_UNSUPPORTED via plain OCR."
11,Civil3d,Civil3d-13,ESP,Misalignment,Truncation,Untranslation,False,1.0,"Text Boundary Clipping / Localized Ellipsis (0 verified ellipsis, 120px overflow)",Truncation;Untranslation;Misalignment;Overlapping;Repeated hotkey,Truncation,Truncation;Untranslation,False,False,WEAK_EVIDENCE,0.019,0.0,2.24,0.2,MODERATE_EVIDENCE,0.0,0,0,0,STRONG_EVIDENCE,1.0,0,120,0,STRONG_EVIDENCE,1.0,5,10,0,VISUALLY_UNSUPPORTED,-1.0,False,False,True,0.019,False,False,OTHER,EXTRACTION_PROBLEM (Element matching or boundary fit failed to capture GT),Ground Truth Misalignment was completely absent from detected physical streams; Truncation was the only active signal.,Independent visual defect or false positive,"Primary diagnosis is Truncation (strength: 1.000) driven by Text Boundary Clipping / Localized Ellipsis (0 verified ellipsis, 120px overflow). Causal Precedence: Causal Rule 1: Untranslated English text outranks downstream layout reflow/contact. Causal Rule 3: Verified localized ellipsis / rigid container overflow outranks incidental contact. Coexisting secondary defect mechanisms preserved: Untranslation (strength: 1.000). Repeated hotkey remains VISUALLY_UNSUPPORTED via plain OCR."
12,Civil3d,Civil3d-14,CHT,Misalignment,Misalignment,Truncation;Untranslation;Overlapping,False,1.0,"Structural Column Grid Break (187.0px anchor break, 93.6px residual drift)",Overlapping;Misalignment;Truncation;Untranslation;Repeated hotkey,Misalignment,Misalignment;Truncation,True,True,MODERATE_EVIDENCE,0.987,187.0,93.61,0.254,STRONG_EVIDENCE,1.0,28738,263,55,STRONG_EVIDENCE,0.6,1,0,0,STRONG_EVIDENCE,0.5,2,6,2,VISUALLY_UNSUPPORTED,-1.0,True,False,True,0.987,False,False,CORRECT_PRIMARY,,,,"Primary diagnosis is Misalignment (strength: 1.000) driven by Structural Column Grid Break (187.0px anchor break, 93.6px residual drift). Causal Precedence: Causal Rule 3: Verified localized ellipsis / rigid container overflow outranks incidental contact. Coexisting secondary defect mechanisms preserved: Truncation (strength: 0.900), Untranslation (strength: 0.708), Overlapping (strength: 0.700). Repeated hotkey remains VISUALLY_UNSUPPORTED via plain OCR."
13,Civil3d,Civil3d-16,KOR,Misalignment,Misalignment,Overlapping;Untranslation,False,1.0,"Structural Column Grid Break (95.0px anchor break, 92.0px residual drift)",Overlapping;Misalignment;Untranslation;Truncation;Repeated hotkey,Misalignment,Misalignment;Overlapping,True,True,STRONG_EVIDENCE,0.687,95.0,92.0,0.008,STRONG_EVIDENCE,1.0,8311,223,19,MODERATE_EVIDENCE,0.0,0,0,0,STRONG_EVIDENCE,0.3,2,2,0,VISUALLY_UNSUPPORTED,-1.0,True,False,True,0.687,False,False,CORRECT_PRIMARY,,,,"Primary diagnosis is Misalignment (strength: 1.000) driven by Structural Column Grid Break (95.0px anchor break, 92.0px residual drift). Causal Precedence: Causal Rule 2: Structural column grid break outranks downstream viewport edge clipping. Causal Rule 3: Positive inter-sibling intrusion outranks internal boundary clipping. Coexisting secondary defect mechanisms preserved: Overlapping (strength: 1.000), Untranslation (strength: 0.458). Repeated hotkey remains VISUALLY_UNSUPPORTED via plain OCR."
14,Civil3d,Civil3d-23,FRA,Misalignment,Truncation,Untranslation;Misalignment,False,1.0,"Text Boundary Clipping / Localized Ellipsis (7 verified ellipsis, 0px overflow)",Misalignment;Truncation;Untranslation;Overlapping;Repeated hotkey,Truncation,Truncation;Untranslation,False,True,STRONG_EVIDENCE,1.0,165.0,165.01,0.183,STRONG_EVIDENCE,0.65,1664,90,14,STRONG_EVIDENCE,1.0,7,0,0,STRONG_EVIDENCE,1.0,8,10,7,VISUALLY_UNSUPPORTED,-1.0,False,True,True,1.0,False,False,WRONG_PRIMARY_GT_IN_SECONDARY,ARBITRATION_PROBLEM (Multi-defect precedence ranking),Truncation generated higher continuous specificity (1.0) than Misalignment (1.0).,Downstream consequence or compound coexisting defect,"Primary diagnosis is Truncation (strength: 1.000) driven by Text Boundary Clipping / Localized Ellipsis (7 verified ellipsis, 0px overflow). Causal Precedence: Causal Rule 1: Untranslated English text outranks downstream layout reflow/contact. Causal Rule 3: Verified localized ellipsis / rigid container overflow outranks incidental contact. Coexisting secondary defect mechanisms preserved: Untranslation (strength: 1.000), Misalignment (strength: 0.700). Repeated hotkey remains VISUALLY_UNSUPPORTED via plain OCR."
15,Inventor,Inventor-01,JPN,Misalignment,Misalignment,Truncation;Overlapping,False,1.0,"Structural Column Grid Break (260.0px anchor break, 260.9px residual drift)",Misalignment;Overlapping;Truncation;Untranslation;Repeated hotkey,Misalignment,Misalignment;Truncation,True,True,STRONG_EVIDENCE,1.0,260.0,260.85,0.234,STRONG_EVIDENCE,1.0,5135,103,19,STRONG_EVIDENCE,1.0,2,0,0,NO_EVIDENCE,0.0,0,0,0,VISUALLY_UNSUPPORTED,-1.0,True,False,True,1.0,False,False,CORRECT_PRIMARY,,,,"Primary diagnosis is Misalignment (strength: 1.000) driven by Structural Column Grid Break (260.0px anchor break, 260.9px residual drift). Causal Precedence: Causal Rule 3: Verified localized ellipsis / rigid container overflow outranks incidental contact. Coexisting secondary defect mechanisms preserved: Truncation (strength: 1.000), Overlapping (strength: 0.700). Repeated hotkey remains VISUALLY_UNSUPPORTED via plain OCR."
16,Inventor,Inventor-12,FRA,Misalignment,Truncation,Untranslation;Overlapping;Misalignment,False,1.0,"Text Boundary Clipping / Localized Ellipsis (2 verified ellipsis, 0px overflow)",Overlapping;Truncation;Untranslation;Misalignment;Repeated hotkey,Truncation,Truncation;Untranslation,False,True,STRONG_EVIDENCE,0.519,44.0,129.81,0.266,STRONG_EVIDENCE,1.0,5392,118,16,STRONG_EVIDENCE,1.0,2,0,6,STRONG_EVIDENCE,1.0,8,11,0,VISUALLY_UNSUPPORTED,-1.0,False,True,True,0.519,False,False,WRONG_PRIMARY_GT_IN_SECONDARY,ARBITRATION_PROBLEM (Multi-defect precedence ranking),Truncation generated higher continuous specificity (1.0) than Misalignment (0.519).,Downstream consequence or compound coexisting defect,"Primary diagnosis is Truncation (strength: 1.000) driven by Text Boundary Clipping / Localized Ellipsis (2 verified ellipsis, 0px overflow). Causal Precedence: Causal Rule 3: Verified localized ellipsis / rigid container overflow outranks incidental contact. Coexisting secondary defect mechanisms preserved: Untranslation (strength: 1.000), Overlapping (strength: 0.700), Misalignment (strength: 0.685). Repeated hotkey remains VISUALLY_UNSUPPORTED via plain OCR."
17,Inventor,Inventor-17,CSY,Misalignment,Truncation,Misalignment;Overlapping,False,1.0,"Text Boundary Clipping / Localized Ellipsis (4 verified ellipsis, 0px overflow)",Truncation;Overlapping;Misalignment;Untranslation;Repeated hotkey,Truncation,Truncation;Misalignment,False,True,STRONG_EVIDENCE,0.786,97.0,132.85,0.036,STRONG_EVIDENCE,0.912,3350,102,25,STRONG_EVIDENCE,1.0,4,0,1,WEAK_EVIDENCE,0.0,0,0,1,VISUALLY_UNSUPPORTED,-1.0,False,True,True,0.786,False,False,WRONG_PRIMARY_GT_IN_SECONDARY,ARBITRATION_PROBLEM (Multi-defect precedence ranking),Truncation generated higher continuous specificity (1.0) than Misalignment (0.786).,Downstream consequence or compound coexisting defect,"Primary diagnosis is Truncation (strength: 1.000) driven by Text Boundary Clipping / Localized Ellipsis (4 verified ellipsis, 0px overflow). Causal Precedence: Causal Rule 3: Verified localized ellipsis / rigid container overflow outranks incidental contact. Coexisting secondary defect mechanisms preserved: Misalignment (strength: 1.000), Overlapping (strength: 0.700). Repeated hotkey remains VISUALLY_UNSUPPORTED via plain OCR."
18,Inventor,Inventor-25,ESP,Misalignment,Truncation,Untranslation;Overlapping;Misalignment,False,1.0,"Text Boundary Clipping / Localized Ellipsis (9 verified ellipsis, 0px overflow)",Overlapping;Truncation;Untranslation;Misalignment;Repeated hotkey,Truncation,Truncation;Untranslation,False,True,STRONG_EVIDENCE,0.534,60.0,117.1,0.641,STRONG_EVIDENCE,1.0,5335,193,15,STRONG_EVIDENCE,1.0,9,0,0,STRONG_EVIDENCE,1.0,9,10,2,VISUALLY_UNSUPPORTED,-1.0,False,True,True,0.534,False,False,WRONG_PRIMARY_GT_IN_SECONDARY,ARBITRATION_PROBLEM (Multi-defect precedence ranking),Truncation generated higher continuous specificity (1.0) than Misalignment (0.534).,Downstream consequence or compound coexisting defect,"Primary diagnosis is Truncation (strength: 1.000) driven by Text Boundary Clipping / Localized Ellipsis (9 verified ellipsis, 0px overflow). Causal Precedence: Causal Rule 3: Verified localized ellipsis / rigid container overflow outranks incidental contact. Coexisting secondary defect mechanisms preserved: Untranslation (strength: 1.000), Overlapping (strength: 0.700), Misalignment (strength: 0.531). Repeated hotkey remains VISUALLY_UNSUPPORTED via plain OCR."
19,Inventor,Inventor-27,JPN,Misalignment,Truncation,Overlapping;Untranslation,False,0.9,"Text Boundary Clipping / Localized Ellipsis (1 verified ellipsis, 0px overflow)",Overlapping;Truncation;Untranslation;Misalignment;Repeated hotkey,Truncation,Truncation;Overlapping,False,False,MODERATE_EVIDENCE,0.159,8.0,16.28,0.067,STRONG_EVIDENCE,0.6,2754,54,18,STRONG_EVIDENCE,0.6,1,0,0,STRONG_EVIDENCE,0.25,1,3,2,VISUALLY_UNSUPPORTED,-1.0,False,False,True,0.159,False,False,OTHER,EXTRACTION_PROBLEM (Element matching or boundary fit failed to capture GT),Ground Truth Misalignment was completely absent from detected physical streams; Truncation was the only active signal.,Independent visual defect or false positive,"Primary diagnosis is Truncation (strength: 0.900) driven by Text Boundary Clipping / Localized Ellipsis (1 verified ellipsis, 0px overflow). Causal Precedence: Causal Rule 3: Verified localized ellipsis / rigid container overflow outranks incidental contact. Coexisting secondary defect mechanisms preserved: Overlapping (strength: 0.651), Untranslation (strength: 0.354). Repeated hotkey remains VISUALLY_UNSUPPORTED via plain OCR."
20,Inventor,Inventor-31,DEU,Misalignment,Misalignment,Untranslation;Overlapping,False,0.935,"Structural Column Grid Break (115.0px anchor break, 60.5px residual drift)",Misalignment;Overlapping;Untranslation;Truncation;Repeated hotkey,Misalignment,Misalignment;Untranslation,True,True,STRONG_EVIDENCE,0.779,115.0,60.5,-0.037,STRONG_EVIDENCE,0.447,1056,64,14,MODERATE_EVIDENCE,0.0,0,0,0,STRONG_EVIDENCE,0.3,2,2,0,VISUALLY_UNSUPPORTED,-1.0,True,False,True,0.779,False,False,CORRECT_PRIMARY,,,,"Primary diagnosis is Misalignment (strength: 0.935) driven by Structural Column Grid Break (115.0px anchor break, 60.5px residual drift). Causal Precedence: Causal Rule 1: Untranslated English text outranks downstream layout reflow/contact. Causal Rule 2: Structural column grid break outranks downstream viewport edge clipping. Causal Rule 3: Positive inter-sibling intrusion outranks internal boundary clipping. Coexisting secondary defect mechanisms preserved: Untranslation (strength: 0.808), Overlapping (strength: 0.361). Repeated hotkey remains VISUALLY_UNSUPPORTED via plain OCR."
21,Inventor,Inventor-37,RUS,Misalignment,Misalignment,,False,1.0,"Structural Column Grid Break (184.0px anchor break, 184.0px residual drift)",Misalignment;Overlapping;Truncation;Untranslation;Repeated hotkey,Misalignment,Misalignment,True,True,STRONG_EVIDENCE,1.0,184.0,184.01,0.374,MODERATE_EVIDENCE,0.0,0,0,0,MODERATE_EVIDENCE,0.0,0,0,0,WEAK_EVIDENCE,0.0,0,0,1,VISUALLY_UNSUPPORTED,-1.0,True,False,True,1.0,False,False,CORRECT_PRIMARY,,,,"Primary diagnosis is Misalignment (strength: 1.000) driven by Structural Column Grid Break (184.0px anchor break, 184.0px residual drift). Causal Precedence: Causal Rule 2: Structural column grid break outranks downstream viewport edge clipping. Repeated hotkey remains VISUALLY_UNSUPPORTED via plain OCR."
22,Vault,Vault-28,HUN,Misalignment,Truncation,Misalignment,False,1.0,"Text Boundary Clipping / Localized Ellipsis (5 verified ellipsis, 0px overflow)",Truncation;Misalignment;Untranslation;Overlapping;Repeated hotkey,Truncation,Truncation;Misalignment,False,True,MODERATE_EVIDENCE,0.735,62.0,220.0,-0.546,STRONG_EVIDENCE,0.007,14,1,14,STRONG_EVIDENCE,1.0,5,0,0,MODERATE_EVIDENCE,0.15,1,1,1,VISUALLY_UNSUPPORTED,-1.0,False,True,True,0.735,False,False,WRONG_PRIMARY_GT_IN_SECONDARY,ARBITRATION_PROBLEM (Multi-defect precedence ranking),Truncation generated higher continuous specificity (1.0) than Misalignment (0.735).,Downstream consequence or compound coexisting defect,"Primary diagnosis is Truncation (strength: 1.000) driven by Text Boundary Clipping / Localized Ellipsis (5 verified ellipsis, 0px overflow). Causal Precedence: Causal Rule 3: Verified localized ellipsis / rigid container overflow outranks incidental contact. Coexisting secondary defect mechanisms preserved: Misalignment (strength: 0.940). Repeated hotkey remains VISUALLY_UNSUPPORTED via plain OCR."
23,Vault,Vault-32,PLK,Misalignment,Untranslation,,False,0.829,"Preserved User-Facing English Lexicon (1 untranslated strings, 5 Latin words)",Untranslation;Misalignment;Overlapping;Truncation;Repeated hotkey,Untranslation,Untranslation,False,False,MODERATE_EVIDENCE,0.315,49.0,49.37,0.434,MODERATE_EVIDENCE,0.0,0,0,0,MODERATE_EVIDENCE,0.0,0,0,0,STRONG_EVIDENCE,0.35,1,5,0,VISUALLY_UNSUPPORTED,-1.0,False,False,True,0.315,False,False,OTHER,EXTRACTION_PROBLEM (Element matching or boundary fit failed to capture GT),Ground Truth Misalignment was completely absent from detected physical streams; Untranslation was the only active signal.,Independent visual defect or false positive,"Primary diagnosis is Untranslation (strength: 0.829) driven by Preserved User-Facing English Lexicon (1 untranslated strings, 5 Latin words). Causal Precedence: Causal Rule 1: Untranslated English text outranks downstream layout reflow/contact. Repeated hotkey remains VISUALLY_UNSUPPORTED via plain OCR."
24,Vault,Vault-35,ESP,Misalignment,Truncation,Misalignment,False,0.9,"Text Boundary Clipping / Localized Ellipsis (1 verified ellipsis, 0px overflow)",Truncation;Misalignment;Overlapping;Untranslation;Repeated hotkey,Truncation,Truncation;Misalignment,False,True,MODERATE_EVIDENCE,0.541,64.0,118.0,-0.334,MODERATE_EVIDENCE,0.0,0,0,0,STRONG_EVIDENCE,0.6,1,0,0,NO_EVIDENCE,0.0,0,0,0,VISUALLY_UNSUPPORTED,-1.0,False,True,True,0.541,False,False,WRONG_PRIMARY_GT_IN_SECONDARY,ARBITRATION_PROBLEM (Multi-defect precedence ranking),Truncation generated higher continuous specificity (0.9) than Misalignment (0.541).,Downstream consequence or compound coexisting defect,"Primary diagnosis is Truncation (strength: 0.900) driven by Text Boundary Clipping / Localized Ellipsis (1 verified ellipsis, 0px overflow). Causal Precedence: Causal Rule 3: Verified localized ellipsis / rigid container overflow outranks incidental contact. Coexisting secondary defect mechanisms preserved: Misalignment (strength: 0.712). Repeated hotkey remains VISUALLY_UNSUPPORTED via plain OCR."
25,Vault,Vault-36,CHT,Misalignment,Truncation,Overlapping,False,0.9,"Text Boundary Clipping / Localized Ellipsis (1 verified ellipsis, 0px overflow)",Truncation;Overlapping;Misalignment;Untranslation;Repeated hotkey,Truncation,Truncation;Overlapping,False,False,WEAK_EVIDENCE,0.073,0.0,3.0,0.268,STRONG_EVIDENCE,0.364,1284,42,18,STRONG_EVIDENCE,0.6,1,0,0,NO_EVIDENCE,0.0,0,0,0,VISUALLY_UNSUPPORTED,-1.0,False,False,True,0.073,False,False,OTHER,EXTRACTION_PROBLEM (Element matching or boundary fit failed to capture GT),Ground Truth Misalignment was completely absent from detected physical streams; Truncation was the only active signal.,Independent visual defect or false positive,"Primary diagnosis is Truncation (strength: 0.900) driven by Text Boundary Clipping / Localized Ellipsis (1 verified ellipsis, 0px overflow). Causal Precedence: Causal Rule 3: Verified localized ellipsis / rigid container overflow outranks incidental contact. Coexisting secondary defect mechanisms preserved: Overlapping (strength: 0.293). Repeated hotkey remains VISUALLY_UNSUPPORTED via plain OCR."
26,Vault,Vault-37,CSY,Misalignment,Truncation,,False,0.9,"Text Boundary Clipping / Localized Ellipsis (1 verified ellipsis, 0px overflow)",Truncation;Misalignment;Overlapping;Untranslation;Repeated hotkey,Truncation,Truncation,False,False,MODERATE_EVIDENCE,0.164,18.0,25.5,-0.218,STRONG_EVIDENCE,0.02,42,3,14,STRONG_EVIDENCE,0.6,1,0,0,NO_EVIDENCE,0.0,0,0,0,VISUALLY_UNSUPPORTED,-1.0,False,False,True,0.164,False,False,OTHER,EXTRACTION_PROBLEM (Element matching or boundary fit failed to capture GT),Ground Truth Misalignment was completely absent from detected physical streams; Truncation was the only active signal.,Independent visual defect or false positive,"Primary diagnosis is Truncation (strength: 0.900) driven by Text Boundary Clipping / Localized Ellipsis (1 verified ellipsis, 0px overflow). Causal Precedence: Causal Rule 3: Verified localized ellipsis / rigid container overflow outranks incidental contact. Repeated hotkey remains VISUALLY_UNSUPPORTED via plain OCR."
27,Vault,Vault-40,HUN,Misalignment,Misalignment,Truncation;Untranslation,False,1.0,"Structural Column Grid Break (227.0px anchor break, 208.0px residual drift)",Misalignment;Truncation;Overlapping;Untranslation;Repeated hotkey,Misalignment,Misalignment;Truncation,True,True,STRONG_EVIDENCE,1.0,227.0,208.02,0.129,STRONG_EVIDENCE,0.338,147,64,19,STRONG_EVIDENCE,0.6,1,0,0,STRONG_EVIDENCE,0.3,2,2,0,VISUALLY_UNSUPPORTED,-1.0,True,False,True,1.0,False,False,CORRECT_PRIMARY,,,,"Primary diagnosis is Misalignment (strength: 1.000) driven by Structural Column Grid Break (227.0px anchor break, 208.0px residual drift). Causal Precedence: Causal Rule 3: Verified localized ellipsis / rigid container overflow outranks incidental contact. Coexisting secondary defect mechanisms preserved: Truncation (strength: 0.900), Untranslation (strength: 0.458). Repeated hotkey remains VISUALLY_UNSUPPORTED via plain OCR."
29,Civil3d,Civil3d-06,RUS,Overlapping,Misalignment,Overlapping,False,1.0,"Structural Column Grid Break (464.0px anchor break, 438.3px residual drift)",Misalignment;Overlapping;Truncation;Untranslation;Repeated hotkey,Misalignment,Misalignment;Overlapping,False,True,STRONG_EVIDENCE,1.0,464.0,438.26,0.013,STRONG_EVIDENCE,1.0,15573,465,23,MODERATE_EVIDENCE,0.0,0,0,0,NO_EVIDENCE,0.0,0,0,0,VISUALLY_UNSUPPORTED,-1.0,False,True,True,1.0,False,False,WRONG_PRIMARY_GT_IN_SECONDARY,ARBITRATION_PROBLEM (Multi-defect precedence ranking),Misalignment generated higher continuous specificity (1.0) than Overlapping (1.0).,Downstream consequence or compound coexisting defect,"Primary diagnosis is Misalignment (strength: 1.000) driven by Structural Column Grid Break (464.0px anchor break, 438.3px residual drift). Causal Precedence: Causal Rule 2: Structural column grid break outranks downstream viewport edge clipping. Causal Rule 3: Positive inter-sibling intrusion outranks internal boundary clipping. Coexisting secondary defect mechanisms preserved: Overlapping (strength: 1.000). Repeated hotkey remains VISUALLY_UNSUPPORTED via plain OCR."
30,Civil3d,Civil3d-18,CSY,Overlapping,Truncation,Overlapping,False,0.4,"Text Boundary Clipping / Localized Ellipsis (0 verified ellipsis, 0px overflow)",Untranslation;Misalignment;Overlapping;Truncation;Repeated hotkey,Truncation,Truncation;Overlapping,False,True,MODERATE_EVIDENCE,0.127,0.0,44.68,0.364,MODERATE_EVIDENCE,0.0,0,0,0,MODERATE_EVIDENCE,0.0,0,0,0,MODERATE_EVIDENCE,0.15,1,1,0,VISUALLY_UNSUPPORTED,-1.0,False,True,True,0.0,False,False,WRONG_PRIMARY_GT_IN_SECONDARY,ARBITRATION_PROBLEM (Multi-defect precedence ranking),Truncation generated higher continuous specificity (0.4) than Overlapping (0.0).,Downstream consequence or compound coexisting defect,"Primary diagnosis is Truncation (strength: 0.400) driven by Text Boundary Clipping / Localized Ellipsis (0 verified ellipsis, 0px overflow). Coexisting secondary defect mechanisms preserved: Overlapping (strength: 0.350). Repeated hotkey remains VISUALLY_UNSUPPORTED via plain OCR."
31,Civil3d,Civil3d-28,PTB,Overlapping,Untranslation,Truncation;Misalignment,False,1.0,"Preserved User-Facing English Lexicon (3 untranslated strings, 9 Latin words)",Untranslation;Truncation;Misalignment;Overlapping;Repeated hotkey,Untranslation,Untranslation;Truncation,False,False,STRONG_EVIDENCE,0.576,84.0,88.01,0.259,MODERATE_EVIDENCE,0.0,0,0,0,STRONG_EVIDENCE,0.6,1,0,0,STRONG_EVIDENCE,0.75,3,9,0,VISUALLY_UNSUPPORTED,-1.0,False,False,True,0.0,False,False,OTHER,EXTRACTION_PROBLEM (Element matching or boundary fit failed to capture GT),Ground Truth Overlapping was completely absent from detected physical streams; Untranslation was the only active signal.,Independent visual defect or false positive,"Primary diagnosis is Untranslation (strength: 1.000) driven by Preserved User-Facing English Lexicon (3 untranslated strings, 9 Latin words). Causal Precedence: Causal Rule 3: Verified localized ellipsis / rigid container overflow outranks incidental contact. Coexisting secondary defect mechanisms preserved: Truncation (strength: 0.900), Misalignment (strength: 0.734). Repeated hotkey remains VISUALLY_UNSUPPORTED via plain OCR."
32,Civil3d,Civil3d-29,FRA,Overlapping,Overlapping,Untranslation,False,1.0,"Geometric Boundary Collision (3784px² overlap area, 146.0px intrusion)",Overlapping;Untranslation;Misalignment;Truncation;Repeated hotkey,Overlapping,Overlapping;Untranslation,True,True,MODERATE_EVIDENCE,0.356,52.0,52.04,0.132,STRONG_EVIDENCE,1.0,3784,146,13,MODERATE_EVIDENCE,0.0,0,0,0,STRONG_EVIDENCE,0.45,3,3,2,VISUALLY_UNSUPPORTED,-1.0,True,False,True,1.0,False,False,CORRECT_PRIMARY,,,,"Primary diagnosis is Overlapping (strength: 1.000) driven by Geometric Boundary Collision (3784px² overlap area, 146.0px intrusion). Causal Precedence: Causal Rule 1: Untranslated English text outranks downstream layout reflow/contact. Causal Rule 3: Positive inter-sibling intrusion outranks internal boundary clipping. Coexisting secondary defect mechanisms preserved: Untranslation (strength: 1.000). Repeated hotkey remains VISUALLY_UNSUPPORTED via plain OCR."
33,Civil3d,Civil3d-30,CHT,Overlapping,Misalignment,Overlapping,False,1.0,"Structural Column Grid Break (233.0px anchor break, 232.4px residual drift)",Misalignment;Overlapping;Truncation;Untranslation;Repeated hotkey,Misalignment,Misalignment;Overlapping,False,True,STRONG_EVIDENCE,1.0,233.0,232.36,0.208,STRONG_EVIDENCE,1.0,5252,78,18,MODERATE_EVIDENCE,0.0,0,0,0,NO_EVIDENCE,0.0,0,0,0,VISUALLY_UNSUPPORTED,-1.0,False,True,True,1.0,False,False,WRONG_PRIMARY_GT_IN_SECONDARY,ARBITRATION_PROBLEM (Multi-defect precedence ranking),Misalignment generated higher continuous specificity (1.0) than Overlapping (1.0).,Downstream consequence or compound coexisting defect,"Primary diagnosis is Misalignment (strength: 1.000) driven by Structural Column Grid Break (233.0px anchor break, 232.4px residual drift). Causal Precedence: Causal Rule 2: Structural column grid break outranks downstream viewport edge clipping. Causal Rule 3: Positive inter-sibling intrusion outranks internal boundary clipping. Coexisting secondary defect mechanisms preserved: Overlapping (strength: 1.000). Repeated hotkey remains VISUALLY_UNSUPPORTED via plain OCR."
34,Inventor,Inventor-07,PTB,Overlapping,Untranslation,Overlapping,False,1.0,"Preserved User-Facing English Lexicon (3 untranslated strings, 3 Latin words)",Overlapping;Untranslation;Misalignment;Truncation;Repeated hotkey,Untranslation,Untranslation;Overlapping,False,True,WEAK_EVIDENCE,0.022,1.0,2.0,1.0,STRONG_EVIDENCE,0.565,1624,74,21,MODERATE_EVIDENCE,0.0,0,0,0,STRONG_EVIDENCE,0.45,3,3,0,VISUALLY_UNSUPPORTED,-1.0,False,True,True,0.565,False,False,WRONG_PRIMARY_GT_IN_SECONDARY,ARBITRATION_PROBLEM (Multi-defect precedence ranking),Untranslation generated higher continuous specificity (1.0) than Overlapping (0.565).,Downstream consequence or compound coexisting defect,"Primary diagnosis is Untranslation (strength: 1.000) driven by Preserved User-Facing English Lexicon (3 untranslated strings, 3 Latin words). Causal Precedence: Causal Rule 1: Untranslated English text outranks downstream layout reflow/contact. Causal Rule 3: Positive inter-sibling intrusion outranks internal boundary clipping. Coexisting secondary defect mechanisms preserved: Overlapping (strength: 0.725). Repeated hotkey remains VISUALLY_UNSUPPORTED via plain OCR."
35,Inventor,Inventor-08,JPN,Overlapping,Misalignment,Truncation;Overlapping,False,1.0,"Structural Column Grid Break (307.0px anchor break, 309.1px residual drift)",Misalignment;Overlapping;Truncation;Untranslation;Repeated hotkey,Misalignment,Misalignment;Truncation,False,True,STRONG_EVIDENCE,1.0,307.0,309.07,0.082,STRONG_EVIDENCE,1.0,6570,103,19,STRONG_EVIDENCE,0.6,1,0,2,WEAK_EVIDENCE,0.0,0,0,1,VISUALLY_UNSUPPORTED,-1.0,False,True,True,1.0,False,False,WRONG_PRIMARY_GT_IN_SECONDARY,ARBITRATION_PROBLEM (Multi-defect precedence ranking),Misalignment generated higher continuous specificity (1.0) than Overlapping (1.0).,Downstream consequence or compound coexisting defect,"Primary diagnosis is Misalignment (strength: 1.000) driven by Structural Column Grid Break (307.0px anchor break, 309.1px residual drift). Causal Precedence: Causal Rule 3: Verified localized ellipsis / rigid container overflow outranks incidental contact. Coexisting secondary defect mechanisms preserved: Truncation (strength: 0.900), Overlapping (strength: 0.700). Repeated hotkey remains VISUALLY_UNSUPPORTED via plain OCR."
36,Inventor,Inventor-33,ITA,Overlapping,Untranslation,Truncation,False,1.0,"Preserved User-Facing English Lexicon (3 untranslated strings, 3 Latin words)",Truncation;Untranslation;Misalignment;Overlapping;Repeated hotkey,Untranslation,Untranslation;Truncation,False,False,WEAK_EVIDENCE,0.019,2.0,2.83,1.0,MODERATE_EVIDENCE,0.0,0,0,0,STRONG_EVIDENCE,0.6,1,0,10,STRONG_EVIDENCE,0.45,3,3,2,VISUALLY_UNSUPPORTED,-1.0,False,False,True,0.0,False,False,OTHER,EXTRACTION_PROBLEM (Element matching or boundary fit failed to capture GT),Ground Truth Overlapping was completely absent from detected physical streams; Untranslation was the only active signal.,Independent visual defect or false positive,"Primary diagnosis is Untranslation (strength: 1.000) driven by Preserved User-Facing English Lexicon (3 untranslated strings, 3 Latin words). Causal Precedence: Causal Rule 1: Untranslated English text outranks downstream layout reflow/contact. Causal Rule 3: Verified localized ellipsis / rigid container overflow outranks incidental contact. Coexisting secondary defect mechanisms preserved: Truncation (strength: 0.650). Repeated hotkey remains VISUALLY_UNSUPPORTED via plain OCR."
37,Inventor,Inventor-34,KOR,Overlapping,Truncation,Untranslation,False,1.0,"Text Boundary Clipping / Localized Ellipsis (9 verified ellipsis, 0px overflow)",Truncation;Untranslation;Misalignment;Overlapping;Repeated hotkey,Truncation,Truncation;Untranslation,False,False,MODERATE_EVIDENCE,0.309,2.0,138.29,0.096,STRONG_EVIDENCE,0.224,780,26,16,STRONG_EVIDENCE,1.0,9,0,0,STRONG_EVIDENCE,1.0,12,12,30,VISUALLY_UNSUPPORTED,-1.0,False,False,True,0.224,False,False,OTHER,EXTRACTION_PROBLEM (Element matching or boundary fit failed to capture GT),Ground Truth Overlapping was completely absent from detected physical streams; Truncation was the only active signal.,Independent visual defect or false positive,"Primary diagnosis is Truncation (strength: 1.000) driven by Text Boundary Clipping / Localized Ellipsis (9 verified ellipsis, 0px overflow). Causal Precedence: Causal Rule 1: Untranslated English text outranks downstream layout reflow/contact. Causal Rule 3: Verified localized ellipsis / rigid container overflow outranks incidental contact. Coexisting secondary defect mechanisms preserved: Untranslation (strength: 1.000). Repeated hotkey remains VISUALLY_UNSUPPORTED via plain OCR."
38,Inventor,Inventor-39,ESP,Overlapping,Misalignment,Overlapping,False,1.0,"Structural Column Grid Break (142.0px anchor break, 142.0px residual drift)",Misalignment;Overlapping;Truncation;Untranslation;Repeated hotkey,Misalignment,Misalignment;Overlapping,False,True,STRONG_EVIDENCE,1.0,142.0,142.0,-0.001,STRONG_EVIDENCE,1.0,92910,339,162,MODERATE_EVIDENCE,0.0,0,0,0,WEAK_EVIDENCE,0.0,0,0,1,VISUALLY_UNSUPPORTED,-1.0,False,True,True,1.0,False,False,WRONG_PRIMARY_GT_IN_SECONDARY,ARBITRATION_PROBLEM (Multi-defect precedence ranking),Misalignment generated higher continuous specificity (1.0) than Overlapping (1.0).,Downstream consequence or compound coexisting defect,"Primary diagnosis is Misalignment (strength: 1.000) driven by Structural Column Grid Break (142.0px anchor break, 142.0px residual drift). Causal Precedence: Causal Rule 2: Structural column grid break outranks downstream viewport edge clipping. Causal Rule 3: Positive inter-sibling intrusion outranks internal boundary clipping. Coexisting secondary defect mechanisms preserved: Overlapping (strength: 1.000). Repeated hotkey remains VISUALLY_UNSUPPORTED via plain OCR."
39,Vault,Vault-04,HUN,Overlapping,Overlapping,Misalignment,False,1.0,"Geometric Boundary Collision (21651px² overlap area, 66.0px intrusion)",Misalignment;Overlapping;Truncation;Untranslation;Repeated hotkey,Overlapping,Overlapping;Misalignment,True,True,MODERATE_EVIDENCE,1.0,138.0,205.3,0.549,STRONG_EVIDENCE,1.0,21651,66,299,MODERATE_EVIDENCE,0.0,0,0,0,WEAK_EVIDENCE,0.0,0,0,5,VISUALLY_UNSUPPORTED,-1.0,True,False,True,1.0,False,False,CORRECT_PRIMARY,,,,"Primary diagnosis is Overlapping (strength: 1.000) driven by Geometric Boundary Collision (21651px² overlap area, 66.0px intrusion). Causal Precedence: Causal Rule 3: Positive inter-sibling intrusion outranks internal boundary clipping. Coexisting secondary defect mechanisms preserved: Misalignment (strength: 0.875). Repeated hotkey remains VISUALLY_UNSUPPORTED via plain OCR."
40,Vault,Vault-05,ITA,Overlapping,NO_STRONG_OBSERVABLE_DEFECT,,True,0.0,INSUFFICIENT_OBSERVABLE_PHYSICAL_EVIDENCE,Misalignment;Overlapping;Truncation;Untranslation;Repeated hotkey,NO_STRONG_OBSERVABLE_DEFECT,,False,False,NO_EVIDENCE,0.0,0.0,0.0,1.0,WEAK_EVIDENCE,0.0,0,0,0,WEAK_EVIDENCE,0.0,0,0,1,NO_EVIDENCE,0.0,0,0,0,VISUALLY_UNSUPPORTED,-1.0,False,False,True,0.0,False,False,ABSTAINED_GT_PRESENT,EXTRACTION_LIMITATION (Sparse matching or low spatial contrast),No category exceeded the baseline layout noise threshold.,Sub-pixel layout noise,No single visual defect mechanism exhibited strong physical evidence (top candidate was Misalignment with strength 0.000). Repeated hotkey remains VISUALLY_UNSUPPORTED via plain OCR.
41,Vault,Vault-06,JPN,Overlapping,Truncation,,False,0.9,"Text Boundary Clipping / Localized Ellipsis (1 verified ellipsis, 0px overflow)",Truncation;Misalignment;Overlapping;Untranslation;Repeated hotkey,Truncation,Truncation,False,False,MODERATE_EVIDENCE,0.092,0.0,32.64,0.199,WEAK_EVIDENCE,0.0,0,0,0,STRONG_EVIDENCE,0.6,1,0,0,NO_EVIDENCE,0.0,0,0,0,VISUALLY_UNSUPPORTED,-1.0,False,False,True,0.0,False,False,OTHER,EXTRACTION_PROBLEM (Element matching or boundary fit failed to capture GT),Ground Truth Overlapping was completely absent from detected physical streams; Truncation was the only active signal.,Independent visual defect or false positive,"Primary diagnosis is Truncation (strength: 0.900) driven by Text Boundary Clipping / Localized Ellipsis (1 verified ellipsis, 0px overflow). Causal Precedence: Causal Rule 3: Verified localized ellipsis / rigid container overflow outranks incidental contact. Repeated hotkey remains VISUALLY_UNSUPPORTED via plain OCR."
42,Vault,Vault-12,CHT,Overlapping,Truncation,Misalignment;Overlapping;Untranslation,False,1.0,"Text Boundary Clipping / Localized Ellipsis (3 verified ellipsis, 0px overflow)",Overlapping;Truncation;Misalignment;Untranslation;Repeated hotkey,Truncation,Truncation;Misalignment,False,True,STRONG_EVIDENCE,0.556,59.0,126.02,0.231,STRONG_EVIDENCE,1.0,11881,617,18,STRONG_EVIDENCE,1.0,3,0,5,STRONG_EVIDENCE,0.25,1,3,1,VISUALLY_UNSUPPORTED,-1.0,False,True,True,1.0,False,False,WRONG_PRIMARY_GT_IN_SECONDARY,ARBITRATION_PROBLEM (Multi-defect precedence ranking),Truncation generated higher continuous specificity (1.0) than Overlapping (1.0).,Downstream consequence or compound coexisting defect,"Primary diagnosis is Truncation (strength: 1.000) driven by Text Boundary Clipping / Localized Ellipsis (3 verified ellipsis, 0px overflow). Causal Precedence: Causal Rule 3: Verified localized ellipsis / rigid container overflow outranks incidental contact. Coexisting secondary defect mechanisms preserved: Misalignment (strength: 0.731), Overlapping (strength: 0.700), Untranslation (strength: 0.354). Repeated hotkey remains VISUALLY_UNSUPPORTED via plain OCR."
43,Vault,Vault-14,FRA,Overlapping,Untranslation,Truncation;Misalignment,False,1.0,"Preserved User-Facing English Lexicon (9 untranslated strings, 16 Latin words)",Untranslation;Overlapping;Truncation;Misalignment;Repeated hotkey,Untranslation,Untranslation;Truncation,False,False,STRONG_EVIDENCE,0.488,72.0,71.5,0.2,STRONG_EVIDENCE,0.839,1703,127,17,STRONG_EVIDENCE,0.6,1,0,10,STRONG_EVIDENCE,1.0,9,16,0,VISUALLY_UNSUPPORTED,-1.0,False,False,True,0.839,False,False,OTHER,EXTRACTION_PROBLEM (Element matching or boundary fit failed to capture GT),Ground Truth Overlapping was completely absent from detected physical streams; Untranslation was the only active signal.,Independent visual defect or false positive,"Primary diagnosis is Untranslation (strength: 1.000) driven by Preserved User-Facing English Lexicon (9 untranslated strings, 16 Latin words). Causal Precedence: Causal Rule 1: Untranslated English text outranks downstream layout reflow/contact. Causal Rule 3: Verified localized ellipsis / rigid container overflow outranks incidental contact. Coexisting secondary defect mechanisms preserved: Truncation (strength: 0.650), Misalignment (strength: 0.319). Repeated hotkey remains VISUALLY_UNSUPPORTED via plain OCR."
44,Vault,Vault-18,JPN,Overlapping,Untranslation,Overlapping,False,0.767,"Preserved User-Facing English Lexicon (1 untranslated strings, 4 Latin words)",Overlapping;Untranslation;Misalignment;Truncation;Repeated hotkey,Untranslation,Untranslation;Overlapping,False,True,MODERATE_EVIDENCE,0.285,34.0,21.84,0.359,STRONG_EVIDENCE,0.494,1242,69,18,MODERATE_EVIDENCE,0.0,0,0,0,STRONG_EVIDENCE,0.3,1,4,0,VISUALLY_UNSUPPORTED,-1.0,False,True,True,0.494,False,False,WRONG_PRIMARY_GT_IN_SECONDARY,ARBITRATION_PROBLEM (Multi-defect precedence ranking),Untranslation generated higher continuous specificity (0.767) than Overlapping (0.494).,Downstream consequence or compound coexisting defect,"Primary diagnosis is Untranslation (strength: 0.767) driven by Preserved User-Facing English Lexicon (1 untranslated strings, 4 Latin words). Causal Precedence: Causal Rule 1: Untranslated English text outranks downstream layout reflow/contact. Causal Rule 3: Positive inter-sibling intrusion outranks internal boundary clipping. Coexisting secondary defect mechanisms preserved: Overlapping (strength: 0.648). Repeated hotkey remains VISUALLY_UNSUPPORTED via plain OCR."
45,Vault,Vault-31,KOR,Overlapping,Overlapping,,False,0.898,"Geometric Boundary Collision (1242px² overlap area, 69.0px intrusion)",Overlapping;Untranslation;Misalignment;Truncation;Repeated hotkey,Overlapping,Overlapping,True,True,MODERATE_EVIDENCE,0.088,0.0,23.77,0.246,STRONG_EVIDENCE,0.494,1242,69,18,MODERATE_EVIDENCE,0.0,0,0,0,MODERATE_EVIDENCE,0.15,1,1,0,VISUALLY_UNSUPPORTED,-1.0,True,False,True,0.494,False,False,CORRECT_PRIMARY,,,,"Primary diagnosis is Overlapping (strength: 0.898) driven by Geometric Boundary Collision (1242px² overlap area, 69.0px intrusion). Causal Precedence: Causal Rule 3: Positive inter-sibling intrusion outranks internal boundary clipping. Repeated hotkey remains VISUALLY_UNSUPPORTED via plain OCR."
46,Vault,Vault-33,PTB,Overlapping,Untranslation,Misalignment;Truncation,False,1.0,"Preserved User-Facing English Lexicon (14 untranslated strings, 15 Latin words)",Misalignment;Untranslation;Truncation;Overlapping;Repeated hotkey,Untranslation,Untranslation;Misalignment,False,False,STRONG_EVIDENCE,1.0,348.0,348.37,0.17,STRONG_EVIDENCE,0.411,2092,32,17,STRONG_EVIDENCE,0.6,1,0,0,STRONG_EVIDENCE,1.0,14,15,0,VISUALLY_UNSUPPORTED,-1.0,False,False,True,0.411,False,False,OTHER,EXTRACTION_PROBLEM (Element matching or boundary fit failed to capture GT),Ground Truth Overlapping was completely absent from detected physical streams; Untranslation was the only active signal.,Independent visual defect or false positive,"Primary diagnosis is Untranslation (strength: 1.000) driven by Preserved User-Facing English Lexicon (14 untranslated strings, 15 Latin words). Causal Precedence: Causal Rule 1: Untranslated English text outranks downstream layout reflow/contact. Causal Rule 3: Verified localized ellipsis / rigid container overflow outranks incidental contact. Coexisting secondary defect mechanisms preserved: Misalignment (strength: 0.700), Truncation (strength: 0.650). Repeated hotkey remains VISUALLY_UNSUPPORTED via plain OCR."
47,Vault,Vault-34,CHS,Overlapping,Overlapping,Misalignment,False,0.942,"Geometric Boundary Collision (1460px² overlap area, 73.0px intrusion)",Overlapping;Misalignment;Truncation;Untranslation;Repeated hotkey,Overlapping,Overlapping;Misalignment,True,True,MODERATE_EVIDENCE,0.369,56.0,56.01,0.201,STRONG_EVIDENCE,0.54,1460,73,20,MODERATE_EVIDENCE,0.0,0,0,0,WEAK_EVIDENCE,0.0,0,0,4,VISUALLY_UNSUPPORTED,-1.0,True,False,True,0.54,False,False,CORRECT_PRIMARY,,,,"Primary diagnosis is Overlapping (strength: 0.942) driven by Geometric Boundary Collision (1460px² overlap area, 73.0px intrusion). Causal Precedence: Causal Rule 3: Positive inter-sibling intrusion outranks internal boundary clipping. Coexisting secondary defect mechanisms preserved: Misalignment (strength: 0.472). Repeated hotkey remains VISUALLY_UNSUPPORTED via plain OCR."
51,Civil3d,Civil3d-22,FRA,Repeated hotkey,Misalignment,Truncation;Untranslation;Overlapping,False,1.0,"Structural Column Grid Break (164.0px anchor break, 136.0px residual drift)",Misalignment;Overlapping;Truncation;Untranslation;Repeated hotkey,Misalignment,Misalignment;Truncation,False,False,STRONG_EVIDENCE,1.0,164.0,136.01,0.205,STRONG_EVIDENCE,1.0,5473,269,20,STRONG_EVIDENCE,1.0,2,744,0,STRONG_EVIDENCE,1.0,10,12,2,VISUALLY_UNSUPPORTED,-1.0,False,False,False,-1.0,False,True,VISUALLY_UNSUPPORTED,EXTRACTION_LIMITATION (Native font underlines require Win32 .rc table),Repeated hotkey is visually unobservable via flat OCR.,Unrelated visual artifacts,"Primary diagnosis is Misalignment (strength: 1.000) driven by Structural Column Grid Break (164.0px anchor break, 136.0px residual drift). Causal Precedence: Causal Rule 3: Verified localized ellipsis / rigid container overflow outranks incidental contact. Coexisting secondary defect mechanisms preserved: Truncation (strength: 1.000), Untranslation (strength: 1.000), Overlapping (strength: 0.700). Repeated hotkey remains VISUALLY_UNSUPPORTED via plain OCR."
52,Inventor,Inventor-02,ITA,Repeated hotkey,Truncation,Untranslation,False,1.0,"Text Boundary Clipping / Localized Ellipsis (4 verified ellipsis, 0px overflow)",Truncation;Untranslation;Overlapping;Misalignment;Repeated hotkey,Truncation,Truncation;Untranslation,False,False,MODERATE_EVIDENCE,0.295,22.0,90.71,-0.067,STRONG_EVIDENCE,0.373,565,61,14,STRONG_EVIDENCE,1.0,4,0,0,STRONG_EVIDENCE,1.0,33,43,10,VISUALLY_UNSUPPORTED,-1.0,False,False,False,-1.0,False,True,VISUALLY_UNSUPPORTED,EXTRACTION_LIMITATION (Native font underlines require Win32 .rc table),Repeated hotkey is visually unobservable via flat OCR.,Unrelated visual artifacts,"Primary diagnosis is Truncation (strength: 1.000) driven by Text Boundary Clipping / Localized Ellipsis (4 verified ellipsis, 0px overflow). Causal Precedence: Causal Rule 1: Untranslated English text outranks downstream layout reflow/contact. Causal Rule 3: Verified localized ellipsis / rigid container overflow outranks incidental contact. Coexisting secondary defect mechanisms preserved: Untranslation (strength: 1.000). Repeated hotkey remains VISUALLY_UNSUPPORTED via plain OCR."
53,Inventor,Inventor-28,JPN,Repeated hotkey,Truncation,Misalignment,False,1.0,"Text Boundary Clipping / Localized Ellipsis (0 verified ellipsis, 377px overflow)",Truncation;Misalignment;Overlapping;Untranslation;Repeated hotkey,Truncation,Truncation;Misalignment,False,False,MODERATE_EVIDENCE,0.401,69.0,38.0,0.123,MODERATE_EVIDENCE,0.0,0,0,0,STRONG_EVIDENCE,1.0,0,377,0,NO_EVIDENCE,0.0,0,0,0,VISUALLY_UNSUPPORTED,-1.0,False,False,False,-1.0,False,True,VISUALLY_UNSUPPORTED,EXTRACTION_LIMITATION (Native font underlines require Win32 .rc table),Repeated hotkey is visually unobservable via flat OCR.,Unrelated visual artifacts,"Primary diagnosis is Truncation (strength: 1.000) driven by Text Boundary Clipping / Localized Ellipsis (0 verified ellipsis, 377px overflow). Causal Precedence: Causal Rule 3: Verified localized ellipsis / rigid container overflow outranks incidental contact. Coexisting secondary defect mechanisms preserved: Misalignment (strength: 0.497). Repeated hotkey remains VISUALLY_UNSUPPORTED via plain OCR."
54,Inventor,Inventor-29,CSY,Repeated hotkey,Truncation,Overlapping;Misalignment,False,1.0,"Text Boundary Clipping / Localized Ellipsis (2 verified ellipsis, 0px overflow)",Overlapping;Truncation;Misalignment;Untranslation;Repeated hotkey,Truncation,Truncation;Overlapping,False,False,MODERATE_EVIDENCE,0.281,20.0,60.07,0.05,STRONG_EVIDENCE,1.0,6595,143,17,STRONG_EVIDENCE,1.0,2,0,0,NO_EVIDENCE,0.0,0,0,0,VISUALLY_UNSUPPORTED,-1.0,False,False,False,-1.0,False,True,VISUALLY_UNSUPPORTED,EXTRACTION_LIMITATION (Native font underlines require Win32 .rc table),Repeated hotkey is visually unobservable via flat OCR.,Unrelated visual artifacts,"Primary diagnosis is Truncation (strength: 1.000) driven by Text Boundary Clipping / Localized Ellipsis (2 verified ellipsis, 0px overflow). Causal Precedence: Causal Rule 3: Verified localized ellipsis / rigid container overflow outranks incidental contact. Coexisting secondary defect mechanisms preserved: Overlapping (strength: 0.700), Misalignment (strength: 0.358). Repeated hotkey remains VISUALLY_UNSUPPORTED via plain OCR."
55,Inventor,Inventor-30,FRA,Repeated hotkey,Truncation,Untranslation,False,1.0,"Text Boundary Clipping / Localized Ellipsis (5 verified ellipsis, 0px overflow)",Truncation;Untranslation;Misalignment;Overlapping;Repeated hotkey,Truncation,Truncation;Untranslation,False,False,MODERATE_EVIDENCE,0.322,30.0,70.01,0.307,MODERATE_EVIDENCE,0.0,0,0,0,STRONG_EVIDENCE,1.0,5,0,0,STRONG_EVIDENCE,1.0,15,16,6,VISUALLY_UNSUPPORTED,-1.0,False,False,False,-1.0,False,True,VISUALLY_UNSUPPORTED,EXTRACTION_LIMITATION (Native font underlines require Win32 .rc table),Repeated hotkey is visually unobservable via flat OCR.,Unrelated visual artifacts,"Primary diagnosis is Truncation (strength: 1.000) driven by Text Boundary Clipping / Localized Ellipsis (5 verified ellipsis, 0px overflow). Causal Precedence: Causal Rule 1: Untranslated English text outranks downstream layout reflow/contact. Causal Rule 3: Verified localized ellipsis / rigid container overflow outranks incidental contact. Coexisting secondary defect mechanisms preserved: Untranslation (strength: 1.000). Repeated hotkey remains VISUALLY_UNSUPPORTED via plain OCR."
56,Inventor,Inventor-36,PTB,Repeated hotkey,Truncation,Untranslation;Misalignment,False,1.0,"Text Boundary Clipping / Localized Ellipsis (2 verified ellipsis, 0px overflow)",Truncation;Untranslation;Misalignment;Overlapping;Repeated hotkey,Truncation,Truncation;Untranslation,False,False,MODERATE_EVIDENCE,0.525,40.0,162.09,0.059,STRONG_EVIDENCE,0.254,532,38,14,STRONG_EVIDENCE,1.0,2,0,0,STRONG_EVIDENCE,1.0,7,7,10,VISUALLY_UNSUPPORTED,-1.0,False,False,False,-1.0,False,True,VISUALLY_UNSUPPORTED,EXTRACTION_LIMITATION (Native font underlines require Win32 .rc table),Repeated hotkey is visually unobservable via flat OCR.,Unrelated visual artifacts,"Primary diagnosis is Truncation (strength: 1.000) driven by Text Boundary Clipping / Localized Ellipsis (2 verified ellipsis, 0px overflow). Causal Precedence: Causal Rule 1: Untranslated English text outranks downstream layout reflow/contact. Causal Rule 3: Verified localized ellipsis / rigid container overflow outranks incidental contact. Coexisting secondary defect mechanisms preserved: Untranslation (strength: 1.000), Misalignment (strength: 0.284). Repeated hotkey remains VISUALLY_UNSUPPORTED via plain OCR."
57,Vault,Vault-09,PTB,Repeated hotkey,Untranslation,Truncation,False,1.0,"Preserved User-Facing English Lexicon (5 untranslated strings, 16 Latin words)",Untranslation;Truncation;Misalignment;Overlapping;Repeated hotkey,Untranslation,Untranslation;Truncation,False,False,MODERATE_EVIDENCE,0.257,28.0,57.22,0.142,STRONG_EVIDENCE,0.036,90,5,18,STRONG_EVIDENCE,0.6,1,0,0,STRONG_EVIDENCE,1.0,5,16,0,VISUALLY_UNSUPPORTED,-1.0,False,False,False,-1.0,False,True,VISUALLY_UNSUPPORTED,EXTRACTION_LIMITATION (Native font underlines require Win32 .rc table),Repeated hotkey is visually unobservable via flat OCR.,Unrelated visual artifacts,"Primary diagnosis is Untranslation (strength: 1.000) driven by Preserved User-Facing English Lexicon (5 untranslated strings, 16 Latin words). Causal Precedence: Causal Rule 1: Untranslated English text outranks downstream layout reflow/contact. Causal Rule 3: Verified localized ellipsis / rigid container overflow outranks incidental contact. Coexisting secondary defect mechanisms preserved: Truncation (strength: 0.650). Repeated hotkey remains VISUALLY_UNSUPPORTED via plain OCR."
59,Civil3d,Civil3d-04,PLK,Truncation,Untranslation,Truncation,False,1.0,"Preserved User-Facing English Lexicon (4 untranslated strings, 5 Latin words)",Untranslation;Truncation;Misalignment;Overlapping;Repeated hotkey,Untranslation,Untranslation;Truncation,False,True,MODERATE_EVIDENCE,0.056,2.0,18.03,-0.3,MODERATE_EVIDENCE,0.0,0,0,0,STRONG_EVIDENCE,0.6,1,0,0,STRONG_EVIDENCE,0.65,4,5,4,VISUALLY_UNSUPPORTED,-1.0,False,True,True,0.6,False,False,WRONG_PRIMARY_GT_IN_SECONDARY,ARBITRATION_PROBLEM (Multi-defect precedence ranking),Untranslation generated higher continuous specificity (1.0) than Truncation (0.6).,Downstream consequence or compound coexisting defect,"Primary diagnosis is Untranslation (strength: 1.000) driven by Preserved User-Facing English Lexicon (4 untranslated strings, 5 Latin words). Causal Precedence: Causal Rule 1: Untranslated English text outranks downstream layout reflow/contact. Causal Rule 3: Verified localized ellipsis / rigid container overflow outranks incidental contact. Coexisting secondary defect mechanisms preserved: Truncation (strength: 0.650). Repeated hotkey remains VISUALLY_UNSUPPORTED via plain OCR."
60,Civil3d,Civil3d-05,DEU,Truncation,Truncation,Untranslation;Misalignment;Overlapping,False,1.0,"Text Boundary Clipping / Localized Ellipsis (4 verified ellipsis, 0px overflow)",Misalignment;Overlapping;Truncation;Untranslation;Repeated hotkey,Truncation,Truncation;Untranslation,True,True,STRONG_EVIDENCE,1.0,268.0,268.27,0.565,STRONG_EVIDENCE,1.0,9329,110,48,STRONG_EVIDENCE,1.0,4,0,0,STRONG_EVIDENCE,0.35,1,5,0,VISUALLY_UNSUPPORTED,-1.0,True,False,True,1.0,False,False,CORRECT_PRIMARY,,,,"Primary diagnosis is Truncation (strength: 1.000) driven by Text Boundary Clipping / Localized Ellipsis (4 verified ellipsis, 0px overflow). Causal Precedence: Causal Rule 1: Untranslated English text outranks downstream layout reflow/contact. Causal Rule 3: Verified localized ellipsis / rigid container overflow outranks incidental contact. Coexisting secondary defect mechanisms preserved: Untranslation (strength: 0.829), Misalignment (strength: 0.508), Overlapping (strength: 0.450). Repeated hotkey remains VISUALLY_UNSUPPORTED via plain OCR."
61,Civil3d,Civil3d-10,PTB,Truncation,Untranslation,Truncation,False,1.0,"Preserved User-Facing English Lexicon (5 untranslated strings, 6 Latin words)",Untranslation;Truncation;Misalignment;Overlapping;Repeated hotkey,Untranslation,Untranslation;Truncation,False,True,MODERATE_EVIDENCE,0.062,2.0,17.03,0.666,MODERATE_EVIDENCE,0.0,0,0,0,STRONG_EVIDENCE,0.6,1,0,0,STRONG_EVIDENCE,0.8,5,6,5,VISUALLY_UNSUPPORTED,-1.0,False,True,True,0.6,False,False,WRONG_PRIMARY_GT_IN_SECONDARY,ARBITRATION_PROBLEM (Multi-defect precedence ranking),Untranslation generated higher continuous specificity (1.0) than Truncation (0.6).,Downstream consequence or compound coexisting defect,"Primary diagnosis is Untranslation (strength: 1.000) driven by Preserved User-Facing English Lexicon (5 untranslated strings, 6 Latin words). Causal Precedence: Causal Rule 1: Untranslated English text outranks downstream layout reflow/contact. Causal Rule 3: Verified localized ellipsis / rigid container overflow outranks incidental contact. Coexisting secondary defect mechanisms preserved: Truncation (strength: 0.650). Repeated hotkey remains VISUALLY_UNSUPPORTED via plain OCR."
62,Civil3d,Civil3d-17,HUN,Truncation,Untranslation,Truncation,False,1.0,"Preserved User-Facing English Lexicon (5 untranslated strings, 5 Latin words)",Untranslation;Truncation;Overlapping;Misalignment;Repeated hotkey,Untranslation,Untranslation;Truncation,False,True,MODERATE_EVIDENCE,0.145,10.0,23.88,0.027,STRONG_EVIDENCE,0.594,1494,83,18,STRONG_EVIDENCE,0.6,1,0,0,STRONG_EVIDENCE,0.75,5,5,0,VISUALLY_UNSUPPORTED,-1.0,False,True,True,0.6,False,False,WRONG_PRIMARY_GT_IN_SECONDARY,ARBITRATION_PROBLEM (Multi-defect precedence ranking),Untranslation generated higher continuous specificity (1.0) than Truncation (0.6).,Downstream consequence or compound coexisting defect,"Primary diagnosis is Untranslation (strength: 1.000) driven by Preserved User-Facing English Lexicon (5 untranslated strings, 5 Latin words). Causal Precedence: Causal Rule 1: Untranslated English text outranks downstream layout reflow/contact. Causal Rule 3: Verified localized ellipsis / rigid container overflow outranks incidental contact. Coexisting secondary defect mechanisms preserved: Truncation (strength: 0.650). Repeated hotkey remains VISUALLY_UNSUPPORTED via plain OCR."
63,Civil3d,Civil3d-19,ESP,Truncation,Truncation,Misalignment,False,1.0,"Text Boundary Clipping / Localized Ellipsis (2 verified ellipsis, 0px overflow)",Truncation;Misalignment;Overlapping;Untranslation;Repeated hotkey,Truncation,Truncation;Misalignment,True,True,STRONG_EVIDENCE,0.617,97.0,48.5,-0.189,MODERATE_EVIDENCE,0.0,0,0,0,STRONG_EVIDENCE,1.0,2,0,2,NO_EVIDENCE,0.0,0,0,0,VISUALLY_UNSUPPORTED,-1.0,True,False,True,1.0,False,False,CORRECT_PRIMARY,,,,"Primary diagnosis is Truncation (strength: 1.000) driven by Text Boundary Clipping / Localized Ellipsis (2 verified ellipsis, 0px overflow). Causal Precedence: Causal Rule 3: Verified localized ellipsis / rigid container overflow outranks incidental contact. Coexisting secondary defect mechanisms preserved: Misalignment (strength: 0.746). Repeated hotkey remains VISUALLY_UNSUPPORTED via plain OCR."
64,Civil3d,Civil3d-20,PTB,Truncation,Truncation,Overlapping,False,0.4,"Text Boundary Clipping / Localized Ellipsis (0 verified ellipsis, 0px overflow)",Misalignment;Overlapping;Truncation;Untranslation;Repeated hotkey,Truncation,Truncation;Overlapping,True,True,WEAK_EVIDENCE,0.041,2.0,12.04,0.002,MODERATE_EVIDENCE,0.0,0,0,0,MODERATE_EVIDENCE,0.0,0,0,0,WEAK_EVIDENCE,0.0,0,0,2,VISUALLY_UNSUPPORTED,-1.0,True,False,True,0.0,False,False,CORRECT_PRIMARY,,,,"Primary diagnosis is Truncation (strength: 0.400) driven by Text Boundary Clipping / Localized Ellipsis (0 verified ellipsis, 0px overflow). Coexisting secondary defect mechanisms preserved: Overlapping (strength: 0.350). Repeated hotkey remains VISUALLY_UNSUPPORTED via plain OCR."
65,Civil3d,Civil3d-21,ITA,Truncation,NO_STRONG_OBSERVABLE_DEFECT,,True,0.117,INSUFFICIENT_OBSERVABLE_PHYSICAL_EVIDENCE,Misalignment;Overlapping;Truncation;Untranslation;Repeated hotkey,NO_STRONG_OBSERVABLE_DEFECT,,False,False,WEAK_EVIDENCE,0.017,2.0,2.0,1.0,MODERATE_EVIDENCE,0.0,0,0,0,WEAK_EVIDENCE,0.0,0,0,0,WEAK_EVIDENCE,0.0,0,0,11,VISUALLY_UNSUPPORTED,-1.0,False,False,True,0.0,False,False,ABSTAINED_GT_PRESENT,EXTRACTION_LIMITATION (Sparse matching or low spatial contrast),No category exceeded the baseline layout noise threshold.,Sub-pixel layout noise,No single visual defect mechanism exhibited strong physical evidence (top candidate was Overlapping with strength 0.117). Repeated hotkey remains VISUALLY_UNSUPPORTED via plain OCR.
66,Civil3d,Civil3d-26,ITA,Truncation,Untranslation,,False,0.642,"Preserved User-Facing English Lexicon (1 untranslated strings, 2 Latin words)",Untranslation;Misalignment;Overlapping;Truncation;Repeated hotkey,Untranslation,Untranslation,False,False,WEAK_EVIDENCE,0.087,0.0,3.5,0.75,WEAK_EVIDENCE,0.0,0,0,0,MODERATE_EVIDENCE,0.0,0,0,0,STRONG_EVIDENCE,0.2,1,2,0,VISUALLY_UNSUPPORTED,-1.0,False,False,True,0.0,False,False,OTHER,EXTRACTION_PROBLEM (Element matching or boundary fit failed to capture GT),Ground Truth Truncation was completely absent from detected physical streams; Untranslation was the only active signal.,Independent visual defect or false positive,"Primary diagnosis is Untranslation (strength: 0.642) driven by Preserved User-Facing English Lexicon (1 untranslated strings, 2 Latin words). Causal Precedence: Causal Rule 1: Untranslated English text outranks downstream layout reflow/contact. Repeated hotkey remains VISUALLY_UNSUPPORTED via plain OCR."
67,Civil3d,Civil3d-32,HUN,Truncation,Untranslation,Truncation,False,1.0,"Preserved User-Facing English Lexicon (5 untranslated strings, 14 Latin words)",Untranslation;Truncation;Misalignment;Overlapping;Repeated hotkey,Untranslation,Untranslation;Truncation,False,True,WEAK_EVIDENCE,0.025,4.0,4.0,1.0,MODERATE_EVIDENCE,0.0,0,0,0,STRONG_EVIDENCE,0.6,1,0,0,STRONG_EVIDENCE,1.0,5,14,1,VISUALLY_UNSUPPORTED,-1.0,False,True,True,0.6,False,False,WRONG_PRIMARY_GT_IN_SECONDARY,ARBITRATION_PROBLEM (Multi-defect precedence ranking),Untranslation generated higher continuous specificity (1.0) than Truncation (0.6).,Downstream consequence or compound coexisting defect,"Primary diagnosis is Untranslation (strength: 1.000) driven by Preserved User-Facing English Lexicon (5 untranslated strings, 14 Latin words). Causal Precedence: Causal Rule 1: Untranslated English text outranks downstream layout reflow/contact. Causal Rule 3: Verified localized ellipsis / rigid container overflow outranks incidental contact. Coexisting secondary defect mechanisms preserved: Truncation (strength: 0.650). Repeated hotkey remains VISUALLY_UNSUPPORTED via plain OCR."
68,Inventor,Inventor-03,CHS,Truncation,Misalignment,Truncation;Overlapping,False,1.0,"Structural Column Grid Break (152.0px anchor break, 150.0px residual drift)",Misalignment;Overlapping;Truncation;Untranslation;Repeated hotkey,Misalignment,Misalignment;Truncation,False,True,MODERATE_EVIDENCE,0.946,152.0,150.0,-0.182,STRONG_EVIDENCE,0.737,1976,100,19,STRONG_EVIDENCE,0.6,1,0,0,WEAK_EVIDENCE,0.0,0,0,5,VISUALLY_UNSUPPORTED,-1.0,False,True,True,0.6,False,False,WRONG_PRIMARY_GT_IN_SECONDARY,ARBITRATION_PROBLEM (Multi-defect precedence ranking),Misalignment generated higher continuous specificity (1.0) than Truncation (0.6).,Downstream consequence or compound coexisting defect,"Primary diagnosis is Misalignment (strength: 1.000) driven by Structural Column Grid Break (152.0px anchor break, 150.0px residual drift). Causal Precedence: Causal Rule 3: Verified localized ellipsis / rigid container overflow outranks incidental contact. Coexisting secondary defect mechanisms preserved: Truncation (strength: 0.900), Overlapping (strength: 0.495). Repeated hotkey remains VISUALLY_UNSUPPORTED via plain OCR."
69,Inventor,Inventor-05,PLK,Truncation,Untranslation,,False,1.0,"Preserved User-Facing English Lexicon (3 untranslated strings, 3 Latin words)",Untranslation;Misalignment;Overlapping;Truncation;Repeated hotkey,Untranslation,Untranslation,False,False,WEAK_EVIDENCE,0.038,1.0,13.04,1.0,MODERATE_EVIDENCE,0.0,0,0,0,MODERATE_EVIDENCE,0.0,0,0,0,STRONG_EVIDENCE,0.45,3,3,0,VISUALLY_UNSUPPORTED,-1.0,False,False,True,0.0,False,False,OTHER,EXTRACTION_PROBLEM (Element matching or boundary fit failed to capture GT),Ground Truth Truncation was completely absent from detected physical streams; Untranslation was the only active signal.,Independent visual defect or false positive,"Primary diagnosis is Untranslation (strength: 1.000) driven by Preserved User-Facing English Lexicon (3 untranslated strings, 3 Latin words). Causal Precedence: Causal Rule 1: Untranslated English text outranks downstream layout reflow/contact. Repeated hotkey remains VISUALLY_UNSUPPORTED via plain OCR."
70,Inventor,Inventor-18,FRA,Truncation,Untranslation,Truncation,False,0.808,"Preserved User-Facing English Lexicon (2 untranslated strings, 2 Latin words)",Truncation;Untranslation;Misalignment;Overlapping;Repeated hotkey,Untranslation,Untranslation;Truncation,False,True,WEAK_EVIDENCE,0.008,1.0,2.0,0.0,MODERATE_EVIDENCE,0.0,0,0,0,STRONG_EVIDENCE,0.6,1,0,0,STRONG_EVIDENCE,0.3,2,2,0,VISUALLY_UNSUPPORTED,-1.0,False,True,True,0.6,False,False,WRONG_PRIMARY_GT_IN_SECONDARY,ARBITRATION_PROBLEM (Multi-defect precedence ranking),Untranslation generated higher continuous specificity (0.808) than Truncation (0.6).,Downstream consequence or compound coexisting defect,"Primary diagnosis is Untranslation (strength: 0.808) driven by Preserved User-Facing English Lexicon (2 untranslated strings, 2 Latin words). Causal Precedence: Causal Rule 1: Untranslated English text outranks downstream layout reflow/contact. Causal Rule 3: Verified localized ellipsis / rigid container overflow outranks incidental contact. Coexisting secondary defect mechanisms preserved: Truncation (strength: 0.650). Repeated hotkey remains VISUALLY_UNSUPPORTED via plain OCR."
71,Inventor,Inventor-19,CSY,Truncation,Misalignment,Truncation;Overlapping,False,1.0,"Structural Column Grid Break (122.0px anchor break, 146.3px residual drift)",Overlapping;Truncation;Misalignment;Untranslation;Repeated hotkey,Misalignment,Misalignment;Truncation,False,True,STRONG_EVIDENCE,0.845,122.0,146.29,0.263,STRONG_EVIDENCE,1.0,8356,120,20,STRONG_EVIDENCE,1.0,5,0,5,NO_EVIDENCE,0.0,0,0,0,VISUALLY_UNSUPPORTED,-1.0,False,True,True,1.0,False,False,WRONG_PRIMARY_GT_IN_SECONDARY,ARBITRATION_PROBLEM (Multi-defect precedence ranking),Misalignment generated higher continuous specificity (1.0) than Truncation (1.0).,Downstream consequence or compound coexisting defect,"Primary diagnosis is Misalignment (strength: 1.000) driven by Structural Column Grid Break (122.0px anchor break, 146.3px residual drift). Causal Precedence: Causal Rule 3: Verified localized ellipsis / rigid container overflow outranks incidental contact. Coexisting secondary defect mechanisms preserved: Truncation (strength: 1.000), Overlapping (strength: 0.700). Repeated hotkey remains VISUALLY_UNSUPPORTED via plain OCR."
72,Inventor,Inventor-21,CSY,Truncation,Truncation,Untranslation,False,1.0,"Text Boundary Clipping / Localized Ellipsis (2 verified ellipsis, 0px overflow)",Truncation;Untranslation;Misalignment;Overlapping;Repeated hotkey,Truncation,Truncation;Untranslation,True,True,MODERATE_EVIDENCE,0.416,62.0,65.5,0.136,STRONG_EVIDENCE,0.349,912,48,19,STRONG_EVIDENCE,1.0,2,0,29,STRONG_EVIDENCE,0.6,4,4,4,VISUALLY_UNSUPPORTED,-1.0,True,False,True,1.0,False,False,CORRECT_PRIMARY,,,,"Primary diagnosis is Truncation (strength: 1.000) driven by Text Boundary Clipping / Localized Ellipsis (2 verified ellipsis, 0px overflow). Causal Precedence: Causal Rule 1: Untranslated English text outranks downstream layout reflow/contact. Causal Rule 3: Verified localized ellipsis / rigid container overflow outranks incidental contact. Coexisting secondary defect mechanisms preserved: Untranslation (strength: 1.000). Repeated hotkey remains VISUALLY_UNSUPPORTED via plain OCR."
73,Inventor,Inventor-32,DEU,Truncation,Truncation,,False,1.0,"Text Boundary Clipping / Localized Ellipsis (0 verified ellipsis, 100px overflow)",Truncation;Untranslation;Misalignment;Overlapping;Repeated hotkey,Truncation,Truncation,True,True,NO_EVIDENCE,0.05,0.0,0.0,0.0,NO_EVIDENCE,0.0,0,0,0,STRONG_EVIDENCE,1.0,0,100,0,MODERATE_EVIDENCE,0.15,1,1,0,VISUALLY_UNSUPPORTED,-1.0,True,False,True,1.0,False,False,CORRECT_PRIMARY,,,,"Primary diagnosis is Truncation (strength: 1.000) driven by Text Boundary Clipping / Localized Ellipsis (0 verified ellipsis, 100px overflow). Causal Precedence: Causal Rule 3: Verified localized ellipsis / rigid container overflow outranks incidental contact. Repeated hotkey remains VISUALLY_UNSUPPORTED via plain OCR."
74,Inventor,Inventor-35,PLK,Truncation,Truncation,Untranslation,False,1.0,"Text Boundary Clipping / Localized Ellipsis (3 verified ellipsis, 0px overflow)",Truncation;Untranslation;Misalignment;Overlapping;Repeated hotkey,Truncation,Truncation;Untranslation,True,True,MODERATE_EVIDENCE,0.07,2.0,25.0,0.2,MODERATE_EVIDENCE,0.0,0,0,0,STRONG_EVIDENCE,1.0,3,0,0,STRONG_EVIDENCE,1.0,47,62,0,VISUALLY_UNSUPPORTED,-1.0,True,False,True,1.0,False,False,CORRECT_PRIMARY,,,,"Primary diagnosis is Truncation (strength: 1.000) driven by Text Boundary Clipping / Localized Ellipsis (3 verified ellipsis, 0px overflow). Causal Precedence: Causal Rule 1: Untranslated English text outranks downstream layout reflow/contact. Causal Rule 3: Verified localized ellipsis / rigid container overflow outranks incidental contact. Coexisting secondary defect mechanisms preserved: Untranslation (strength: 1.000). Repeated hotkey remains VISUALLY_UNSUPPORTED via plain OCR."
75,Vault,Vault-01,CSY,Truncation,NO_STRONG_OBSERVABLE_DEFECT,,True,0.145,INSUFFICIENT_OBSERVABLE_PHYSICAL_EVIDENCE,Misalignment;Overlapping;Truncation;Untranslation;Repeated hotkey,NO_STRONG_OBSERVABLE_DEFECT,,False,False,WEAK_EVIDENCE,0.06,1.0,1.41,0.502,MODERATE_EVIDENCE,0.0,0,0,0,MODERATE_EVIDENCE,0.0,0,0,0,NO_EVIDENCE,0.0,0,0,0,VISUALLY_UNSUPPORTED,-1.0,False,False,True,0.0,False,False,ABSTAINED_GT_PRESENT,EXTRACTION_LIMITATION (Sparse matching or low spatial contrast),No category exceeded the baseline layout noise threshold.,Sub-pixel layout noise,No single visual defect mechanism exhibited strong physical evidence (top candidate was Truncation with strength 0.145). Repeated hotkey remains VISUALLY_UNSUPPORTED via plain OCR.
76,Vault,Vault-02,FRA,Truncation,Truncation,Untranslation;Misalignment;Overlapping,False,1.0,"Text Boundary Clipping / Localized Ellipsis (7 verified ellipsis, 0px overflow)",Truncation;Overlapping;Misalignment;Untranslation;Repeated hotkey,Truncation,Truncation;Untranslation,True,True,STRONG_EVIDENCE,0.623,86.0,92.09,-0.04,STRONG_EVIDENCE,0.723,3362,64,14,STRONG_EVIDENCE,1.0,7,0,0,STRONG_EVIDENCE,0.3,2,2,0,VISUALLY_UNSUPPORTED,-1.0,True,False,True,1.0,False,False,CORRECT_PRIMARY,,,,"Primary diagnosis is Truncation (strength: 1.000) driven by Text Boundary Clipping / Localized Ellipsis (7 verified ellipsis, 0px overflow). Causal Precedence: Causal Rule 1: Untranslated English text outranks downstream layout reflow/contact. Causal Rule 3: Verified localized ellipsis / rigid container overflow outranks incidental contact. Coexisting secondary defect mechanisms preserved: Untranslation (strength: 0.808), Misalignment (strength: 0.487), Overlapping (strength: 0.450). Repeated hotkey remains VISUALLY_UNSUPPORTED via plain OCR."
77,Vault,Vault-03,DEU,Truncation,Untranslation,Overlapping,False,1.0,"Preserved User-Facing English Lexicon (4 untranslated strings, 5 Latin words)",Untranslation;Misalignment;Overlapping;Truncation;Repeated hotkey,Untranslation,Untranslation;Overlapping,False,False,MODERATE_EVIDENCE,0.286,0.0,105.04,-0.11,STRONG_EVIDENCE,0.014,30,2,15,MODERATE_EVIDENCE,0.0,0,0,0,STRONG_EVIDENCE,0.65,4,5,0,VISUALLY_UNSUPPORTED,-1.0,False,False,True,0.0,False,False,OTHER,EXTRACTION_PROBLEM (Element matching or boundary fit failed to capture GT),Ground Truth Truncation was completely absent from detected physical streams; Untranslation was the only active signal.,Independent visual defect or false positive,"Primary diagnosis is Untranslation (strength: 1.000) driven by Preserved User-Facing English Lexicon (4 untranslated strings, 5 Latin words). Causal Precedence: Causal Rule 1: Untranslated English text outranks downstream layout reflow/contact. Causal Rule 3: Positive inter-sibling intrusion outranks internal boundary clipping. Coexisting secondary defect mechanisms preserved: Overlapping (strength: 0.250). Repeated hotkey remains VISUALLY_UNSUPPORTED via plain OCR."
78,Vault,Vault-08,PLK,Truncation,Untranslation,,False,1.0,"Preserved User-Facing English Lexicon (8 untranslated strings, 8 Latin words)",Untranslation;Misalignment;Overlapping;Truncation;Repeated hotkey,Untranslation,Untranslation,False,False,MODERATE_EVIDENCE,0.19,2.0,82.3,-0.214,MODERATE_EVIDENCE,0.0,0,0,0,MODERATE_EVIDENCE,0.0,0,0,0,STRONG_EVIDENCE,1.0,8,8,1,VISUALLY_UNSUPPORTED,-1.0,False,False,True,0.0,False,False,OTHER,EXTRACTION_PROBLEM (Element matching or boundary fit failed to capture GT),Ground Truth Truncation was completely absent from detected physical streams; Untranslation was the only active signal.,Independent visual defect or false positive,"Primary diagnosis is Untranslation (strength: 1.000) driven by Preserved User-Facing English Lexicon (8 untranslated strings, 8 Latin words). Causal Precedence: Causal Rule 1: Untranslated English text outranks downstream layout reflow/contact. Repeated hotkey remains VISUALLY_UNSUPPORTED via plain OCR."
79,Vault,Vault-11,ESP,Truncation,Truncation,Untranslation;Overlapping;Misalignment,False,1.0,"Text Boundary Clipping / Localized Ellipsis (2 verified ellipsis, 0px overflow)",Overlapping;Truncation;Untranslation;Misalignment;Repeated hotkey,Truncation,Truncation;Untranslation,True,True,STRONG_EVIDENCE,0.519,57.0,94.02,0.305,STRONG_EVIDENCE,1.0,8665,224,22,STRONG_EVIDENCE,1.0,2,0,13,STRONG_EVIDENCE,1.0,6,9,1,VISUALLY_UNSUPPORTED,-1.0,True,False,True,1.0,False,False,CORRECT_PRIMARY,,,,"Primary diagnosis is Truncation (strength: 1.000) driven by Text Boundary Clipping / Localized Ellipsis (2 verified ellipsis, 0px overflow). Causal Precedence: Causal Rule 3: Verified localized ellipsis / rigid container overflow outranks incidental contact. Coexisting secondary defect mechanisms preserved: Untranslation (strength: 1.000), Overlapping (strength: 0.700), Misalignment (strength: 0.658). Repeated hotkey remains VISUALLY_UNSUPPORTED via plain OCR."
80,Vault,Vault-17,ITA,Truncation,Untranslation,Misalignment;Overlapping,False,0.808,"Preserved User-Facing English Lexicon (2 untranslated strings, 2 Latin words)",Overlapping;Misalignment;Untranslation;Truncation;Repeated hotkey,Untranslation,Untranslation;Misalignment,False,False,STRONG_EVIDENCE,0.467,64.0,64.0,0.578,STRONG_EVIDENCE,0.572,766,96,14,WEAK_EVIDENCE,0.0,0,0,14,STRONG_EVIDENCE,0.3,2,2,0,VISUALLY_UNSUPPORTED,-1.0,False,False,True,0.0,False,False,OTHER,EXTRACTION_PROBLEM (Element matching or boundary fit failed to capture GT),Ground Truth Truncation was completely absent from detected physical streams; Untranslation was the only active signal.,Independent visual defect or false positive,"Primary diagnosis is Untranslation (strength: 0.808) driven by Preserved User-Facing English Lexicon (2 untranslated strings, 2 Latin words). Causal Precedence: Causal Rule 1: Untranslated English text outranks downstream layout reflow/contact. Causal Rule 2: Structural column grid break outranks downstream viewport edge clipping. Causal Rule 3: Positive inter-sibling intrusion outranks internal boundary clipping. Coexisting secondary defect mechanisms preserved: Misalignment (strength: 0.446), Overlapping (strength: 0.303). Repeated hotkey remains VISUALLY_UNSUPPORTED via plain OCR."
81,Vault,Vault-20,PLK,Truncation,Truncation,Untranslation,False,1.0,"Text Boundary Clipping / Localized Ellipsis (1 verified ellipsis, 450px overflow)",Truncation;Overlapping;Untranslation;Misalignment;Repeated hotkey,Truncation,Truncation;Untranslation,True,True,MODERATE_EVIDENCE,0.288,2.0,126.0,0.144,STRONG_EVIDENCE,0.834,1280,136,14,STRONG_EVIDENCE,1.0,1,450,0,STRONG_EVIDENCE,0.3,2,2,0,VISUALLY_UNSUPPORTED,-1.0,True,False,True,1.0,False,False,CORRECT_PRIMARY,,,,"Primary diagnosis is Truncation (strength: 1.000) driven by Text Boundary Clipping / Localized Ellipsis (1 verified ellipsis, 450px overflow). Causal Precedence: Causal Rule 1: Untranslated English text outranks downstream layout reflow/contact. Causal Rule 3: Verified localized ellipsis / rigid container overflow outranks incidental contact. Coexisting secondary defect mechanisms preserved: Untranslation (strength: 0.808). Repeated hotkey remains VISUALLY_UNSUPPORTED via plain OCR."
82,Vault,Vault-21,PTB,Truncation,Truncation,Untranslation,False,1.0,"Text Boundary Clipping / Localized Ellipsis (1 verified ellipsis, 460px overflow)",Truncation;Overlapping;Untranslation;Misalignment;Repeated hotkey,Truncation,Truncation;Untranslation,True,True,STRONG_EVIDENCE,0.339,41.0,47.73,0.554,STRONG_EVIDENCE,0.906,880,160,14,STRONG_EVIDENCE,1.0,1,460,0,STRONG_EVIDENCE,0.6,4,4,0,VISUALLY_UNSUPPORTED,-1.0,True,False,True,1.0,False,False,CORRECT_PRIMARY,,,,"Primary diagnosis is Truncation (strength: 1.000) driven by Text Boundary Clipping / Localized Ellipsis (1 verified ellipsis, 460px overflow). Causal Precedence: Causal Rule 1: Untranslated English text outranks downstream layout reflow/contact. Causal Rule 3: Verified localized ellipsis / rigid container overflow outranks incidental contact. Coexisting secondary defect mechanisms preserved: Untranslation (strength: 1.000). Repeated hotkey remains VISUALLY_UNSUPPORTED via plain OCR."
83,Vault,Vault-23,ESP,Truncation,Untranslation,Overlapping,False,0.767,"Preserved User-Facing English Lexicon (1 untranslated strings, 4 Latin words)",Overlapping;Untranslation;Misalignment;Truncation;Repeated hotkey,Untranslation,Untranslation;Overlapping,False,False,WEAK_EVIDENCE,0.018,0.0,3.0,1.0,STRONG_EVIDENCE,0.307,644,46,14,MODERATE_EVIDENCE,0.0,0,0,0,STRONG_EVIDENCE,0.3,1,4,0,VISUALLY_UNSUPPORTED,-1.0,False,False,True,0.0,False,False,OTHER,EXTRACTION_PROBLEM (Element matching or boundary fit failed to capture GT),Ground Truth Truncation was completely absent from detected physical streams; Untranslation was the only active signal.,Independent visual defect or false positive,"Primary diagnosis is Untranslation (strength: 0.767) driven by Preserved User-Facing English Lexicon (1 untranslated strings, 4 Latin words). Causal Precedence: Causal Rule 1: Untranslated English text outranks downstream layout reflow/contact. Causal Rule 3: Positive inter-sibling intrusion outranks internal boundary clipping. Coexisting secondary defect mechanisms preserved: Overlapping (strength: 0.497). Repeated hotkey remains VISUALLY_UNSUPPORTED via plain OCR."
84,Vault,Vault-24,CHT,Truncation,Misalignment,Truncation;Overlapping,False,0.92,"Structural Column Grid Break (82.0px anchor break, 277.7px residual drift)",Overlapping;Misalignment;Truncation;Untranslation;Repeated hotkey,Misalignment,Misalignment;Truncation,False,True,STRONG_EVIDENCE,0.98,82.0,277.72,0.459,STRONG_EVIDENCE,1.0,213436,493,249,STRONG_EVIDENCE,0.6,1,0,4,NO_EVIDENCE,0.0,0,0,0,VISUALLY_UNSUPPORTED,-1.0,False,True,True,0.6,False,False,WRONG_PRIMARY_GT_IN_SECONDARY,ARBITRATION_PROBLEM (Multi-defect precedence ranking),Misalignment generated higher continuous specificity (0.92) than Truncation (0.6).,Downstream consequence or compound coexisting defect,"Primary diagnosis is Misalignment (strength: 0.920) driven by Structural Column Grid Break (82.0px anchor break, 277.7px residual drift). Causal Precedence: Causal Rule 3: Verified localized ellipsis / rigid container overflow outranks incidental contact. Coexisting secondary defect mechanisms preserved: Truncation (strength: 0.900), Overlapping (strength: 0.700). Repeated hotkey remains VISUALLY_UNSUPPORTED via plain OCR."
85,Vault,Vault-26,FRA,Truncation,Untranslation,Truncation,False,1.0,"Preserved User-Facing English Lexicon (15 untranslated strings, 22 Latin words)",Untranslation;Truncation;Misalignment;Overlapping;Repeated hotkey,Untranslation,Untranslation;Truncation,False,True,STRONG_EVIDENCE,0.36,50.0,49.01,0.832,STRONG_EVIDENCE,0.253,108,48,2,STRONG_EVIDENCE,0.6,1,0,4,STRONG_EVIDENCE,1.0,15,22,0,VISUALLY_UNSUPPORTED,-1.0,False,True,True,0.6,False,False,WRONG_PRIMARY_GT_IN_SECONDARY,ARBITRATION_PROBLEM (Multi-defect precedence ranking),Untranslation generated higher continuous specificity (1.0) than Truncation (0.6).,Downstream consequence or compound coexisting defect,"Primary diagnosis is Untranslation (strength: 1.000) driven by Preserved User-Facing English Lexicon (15 untranslated strings, 22 Latin words). Causal Precedence: Causal Rule 1: Untranslated English text outranks downstream layout reflow/contact. Causal Rule 3: Verified localized ellipsis / rigid container overflow outranks incidental contact. Coexisting secondary defect mechanisms preserved: Truncation (strength: 0.650). Repeated hotkey remains VISUALLY_UNSUPPORTED via plain OCR."
86,Vault,Vault-27,DEU,Truncation,Truncation,,False,0.9,"Text Boundary Clipping / Localized Ellipsis (1 verified ellipsis, 0px overflow)",Overlapping;Truncation;Misalignment;Untranslation;Repeated hotkey,Truncation,Truncation,True,True,WEAK_EVIDENCE,0.008,1.0,2.0,1.0,STRONG_EVIDENCE,0.717,224,138,1,STRONG_EVIDENCE,0.6,1,0,0,NO_EVIDENCE,0.0,0,0,0,VISUALLY_UNSUPPORTED,-1.0,True,False,True,0.6,False,False,CORRECT_PRIMARY,,,,"Primary diagnosis is Truncation (strength: 0.900) driven by Text Boundary Clipping / Localized Ellipsis (1 verified ellipsis, 0px overflow). Causal Precedence: Causal Rule 3: Verified localized ellipsis / rigid container overflow outranks incidental contact. Repeated hotkey remains VISUALLY_UNSUPPORTED via plain OCR."
87,Vault,Vault-29,ITA,Truncation,Untranslation,,False,0.829,"Preserved User-Facing English Lexicon (1 untranslated strings, 5 Latin words)",Untranslation;Misalignment;Overlapping;Truncation;Repeated hotkey,Untranslation,Untranslation,False,False,WEAK_EVIDENCE,0.008,0.0,4.0,1.0,MODERATE_EVIDENCE,0.0,0,0,0,MODERATE_EVIDENCE,0.0,0,0,0,STRONG_EVIDENCE,0.35,1,5,0,VISUALLY_UNSUPPORTED,-1.0,False,False,True,0.0,False,False,OTHER,EXTRACTION_PROBLEM (Element matching or boundary fit failed to capture GT),Ground Truth Truncation was completely absent from detected physical streams; Untranslation was the only active signal.,Independent visual defect or false positive,"Primary diagnosis is Untranslation (strength: 0.829) driven by Preserved User-Facing English Lexicon (1 untranslated strings, 5 Latin words). Causal Precedence: Causal Rule 1: Untranslated English text outranks downstream layout reflow/contact. Repeated hotkey remains VISUALLY_UNSUPPORTED via plain OCR."
88,Vault,Vault-39,DEU,Truncation,Overlapping,Misalignment,False,1.0,"Geometric Boundary Collision (3560px² overlap area, 178.0px intrusion)",Overlapping;Misalignment;Untranslation;Truncation;Repeated hotkey,Overlapping,Overlapping;Misalignment,False,False,STRONG_EVIDENCE,0.406,69.0,34.5,0.333,STRONG_EVIDENCE,1.0,3560,178,20,MODERATE_EVIDENCE,0.0,0,0,0,MODERATE_EVIDENCE,0.15,1,1,0,VISUALLY_UNSUPPORTED,-1.0,False,False,True,0.0,False,False,OTHER,EXTRACTION_PROBLEM (Element matching or boundary fit failed to capture GT),Ground Truth Truncation was completely absent from detected physical streams; Overlapping was the only active signal.,Independent visual defect or false positive,"Primary diagnosis is Overlapping (strength: 1.000) driven by Geometric Boundary Collision (3560px² overlap area, 178.0px intrusion). Causal Precedence: Causal Rule 2: Structural column grid break outranks downstream viewport edge clipping. Causal Rule 3: Positive inter-sibling intrusion outranks internal boundary clipping. Coexisting secondary defect mechanisms preserved: Misalignment (strength: 0.782). Repeated hotkey remains VISUALLY_UNSUPPORTED via plain OCR."
89,Civil3d,Civil3d-02,CHS,Untranslation,Overlapping,Untranslation;Misalignment,False,1.0,"Geometric Boundary Collision (2840px² overlap area, 50.0px intrusion)",Untranslation;Overlapping;Misalignment;Truncation;Repeated hotkey,Overlapping,Overlapping;Untranslation,False,True,MODERATE_EVIDENCE,0.383,2.0,149.0,0.257,STRONG_EVIDENCE,0.591,2840,50,16,WEAK_EVIDENCE,0.0,0,0,0,STRONG_EVIDENCE,0.75,5,5,1,VISUALLY_UNSUPPORTED,-1.0,False,True,True,0.75,False,False,WRONG_PRIMARY_GT_IN_SECONDARY,ARBITRATION_PROBLEM (Multi-defect precedence ranking),Overlapping generated higher continuous specificity (1.0) than Untranslation (0.75).,Downstream consequence or compound coexisting defect,"Primary diagnosis is Overlapping (strength: 1.000) driven by Geometric Boundary Collision (2840px² overlap area, 50.0px intrusion). Causal Precedence: Causal Rule 3: Positive inter-sibling intrusion outranks internal boundary clipping. Coexisting secondary defect mechanisms preserved: Untranslation (strength: 1.000), Misalignment (strength: 0.533). Repeated hotkey remains VISUALLY_UNSUPPORTED via plain OCR."
90,Civil3d,Civil3d-07,JPN,Untranslation,Untranslation,,False,0.642,"Preserved User-Facing English Lexicon (1 untranslated strings, 2 Latin words)",Misalignment;Untranslation;Overlapping;Truncation;Repeated hotkey,Untranslation,Untranslation,True,True,MODERATE_EVIDENCE,0.295,13.0,64.0,0.131,WEAK_EVIDENCE,0.0,0,0,0,WEAK_EVIDENCE,0.0,0,0,1,STRONG_EVIDENCE,0.2,1,2,0,VISUALLY_UNSUPPORTED,-1.0,True,False,True,0.2,False,False,CORRECT_PRIMARY,,,,"Primary diagnosis is Untranslation (strength: 0.642) driven by Preserved User-Facing English Lexicon (1 untranslated strings, 2 Latin words). Causal Precedence: Causal Rule 1: Untranslated English text outranks downstream layout reflow/contact. Repeated hotkey remains VISUALLY_UNSUPPORTED via plain OCR."
91,Civil3d,Civil3d-08,DEU,Untranslation,Untranslation,,False,1.0,"Preserved User-Facing English Lexicon (20 untranslated strings, 52 Latin words)",Untranslation;Misalignment;Overlapping;Truncation;Repeated hotkey,Untranslation,Untranslation,True,True,MODERATE_EVIDENCE,0.327,45.0,57.43,0.254,MODERATE_EVIDENCE,0.0,0,0,0,MODERATE_EVIDENCE,0.0,0,0,0,STRONG_EVIDENCE,1.0,20,52,0,VISUALLY_UNSUPPORTED,-1.0,True,False,True,1.0,False,False,CORRECT_PRIMARY,,,,"Primary diagnosis is Untranslation (strength: 1.000) driven by Preserved User-Facing English Lexicon (20 untranslated strings, 52 Latin words). Causal Precedence: Causal Rule 1: Untranslated English text outranks downstream layout reflow/contact. Repeated hotkey remains VISUALLY_UNSUPPORTED via plain OCR."
92,Civil3d,Civil3d-11,ITA,Untranslation,Overlapping,Untranslation;Misalignment,False,1.0,"Geometric Boundary Collision (9022px² overlap area, 214.0px intrusion)",Overlapping;Untranslation;Misalignment;Truncation;Repeated hotkey,Overlapping,Overlapping;Untranslation,False,True,MODERATE_EVIDENCE,0.348,2.0,161.82,0.494,STRONG_EVIDENCE,1.0,9022,214,18,MODERATE_EVIDENCE,0.0,0,0,0,STRONG_EVIDENCE,1.0,5,10,2,VISUALLY_UNSUPPORTED,-1.0,False,True,True,1.0,False,False,WRONG_PRIMARY_GT_IN_SECONDARY,ARBITRATION_PROBLEM (Multi-defect precedence ranking),Overlapping generated higher continuous specificity (1.0) than Untranslation (1.0).,Downstream consequence or compound coexisting defect,"Primary diagnosis is Overlapping (strength: 1.000) driven by Geometric Boundary Collision (9022px² overlap area, 214.0px intrusion). Causal Precedence: Causal Rule 3: Positive inter-sibling intrusion outranks internal boundary clipping. Coexisting secondary defect mechanisms preserved: Untranslation (strength: 1.000), Misalignment (strength: 0.415). Repeated hotkey remains VISUALLY_UNSUPPORTED via plain OCR."
93,Civil3d,Civil3d-24,KOR,Untranslation,Overlapping,,False,0.862,"Geometric Boundary Collision (1422px² overlap area, 41.0px intrusion)",Overlapping;Misalignment;Truncation;Untranslation;Repeated hotkey,Overlapping,Overlapping,False,False,WEAK_EVIDENCE,0.039,0.0,1.12,-0.28,STRONG_EVIDENCE,0.376,1422,41,18,MODERATE_EVIDENCE,0.0,0,0,0,NO_EVIDENCE,0.0,0,0,0,VISUALLY_UNSUPPORTED,-1.0,False,False,False,0.0,True,False,WRONG_PRIMARY_GT_ABSENT,EXTRACTION_PROBLEM (Element matching or boundary fit failed to capture GT),Ground Truth Untranslation was completely absent from detected physical streams; Overlapping was the only active signal.,Independent visual defect or false positive,"Primary diagnosis is Overlapping (strength: 0.862) driven by Geometric Boundary Collision (1422px² overlap area, 41.0px intrusion). Causal Precedence: Causal Rule 3: Positive inter-sibling intrusion outranks internal boundary clipping. Repeated hotkey remains VISUALLY_UNSUPPORTED via plain OCR."
94,Civil3d,Civil3d-25,JPN,Untranslation,Truncation,Untranslation;Misalignment;Overlapping,False,1.0,"Text Boundary Clipping / Localized Ellipsis (2 verified ellipsis, 264px overflow)",Overlapping;Truncation;Untranslation;Misalignment;Repeated hotkey,Truncation,Truncation;Untranslation,False,True,STRONG_EVIDENCE,0.468,54.0,96.08,-0.159,STRONG_EVIDENCE,1.0,2245,369,14,STRONG_EVIDENCE,1.0,2,264,0,STRONG_EVIDENCE,1.0,11,21,0,VISUALLY_UNSUPPORTED,-1.0,False,True,True,1.0,False,False,WRONG_PRIMARY_GT_IN_SECONDARY,ARBITRATION_PROBLEM (Multi-defect precedence ranking),Truncation generated higher continuous specificity (1.0) than Untranslation (1.0).,Downstream consequence or compound coexisting defect,"Primary diagnosis is Truncation (strength: 1.000) driven by Text Boundary Clipping / Localized Ellipsis (2 verified ellipsis, 264px overflow). Causal Precedence: Causal Rule 3: Verified localized ellipsis / rigid container overflow outranks incidental contact. Coexisting secondary defect mechanisms preserved: Untranslation (strength: 1.000), Misalignment (strength: 0.609), Overlapping (strength: 0.549). Repeated hotkey remains VISUALLY_UNSUPPORTED via plain OCR."
95,Civil3d,Civil3d-31,CHT,Untranslation,Truncation,Untranslation,False,1.0,"Text Boundary Clipping / Localized Ellipsis (3 verified ellipsis, 0px overflow)",Truncation;Untranslation;Misalignment;Overlapping;Repeated hotkey,Truncation,Truncation;Untranslation,False,True,WEAK_EVIDENCE,0.03,1.0,10.2,0.519,MODERATE_EVIDENCE,0.0,0,0,0,STRONG_EVIDENCE,1.0,3,0,0,STRONG_EVIDENCE,1.0,21,27,0,VISUALLY_UNSUPPORTED,-1.0,False,True,True,1.0,False,False,WRONG_PRIMARY_GT_IN_SECONDARY,ARBITRATION_PROBLEM (Multi-defect precedence ranking),Truncation generated higher continuous specificity (1.0) than Untranslation (1.0).,Downstream consequence or compound coexisting defect,"Primary diagnosis is Truncation (strength: 1.000) driven by Text Boundary Clipping / Localized Ellipsis (3 verified ellipsis, 0px overflow). Causal Precedence: Causal Rule 1: Untranslated English text outranks downstream layout reflow/contact. Causal Rule 3: Verified localized ellipsis / rigid container overflow outranks incidental contact. Coexisting secondary defect mechanisms preserved: Untranslation (strength: 1.000). Repeated hotkey remains VISUALLY_UNSUPPORTED via plain OCR."
96,Civil3d,Civil3d-34,CHS,Untranslation,Overlapping,Untranslation;Misalignment,False,1.0,"Geometric Boundary Collision (15165px² overlap area, 398.0px intrusion)",Overlapping;Untranslation;Misalignment;Truncation;Repeated hotkey,Overlapping,Overlapping;Untranslation,False,True,MODERATE_EVIDENCE,0.43,32.0,48.27,0.021,STRONG_EVIDENCE,1.0,15165,398,28,MODERATE_EVIDENCE,0.0,0,0,0,STRONG_EVIDENCE,1.0,6,25,0,VISUALLY_UNSUPPORTED,-1.0,False,True,True,1.0,False,False,WRONG_PRIMARY_GT_IN_SECONDARY,ARBITRATION_PROBLEM (Multi-defect precedence ranking),Overlapping generated higher continuous specificity (1.0) than Untranslation (1.0).,Downstream consequence or compound coexisting defect,"Primary diagnosis is Overlapping (strength: 1.000) driven by Geometric Boundary Collision (15165px² overlap area, 398.0px intrusion). Causal Precedence: Causal Rule 3: Positive inter-sibling intrusion outranks internal boundary clipping. Coexisting secondary defect mechanisms preserved: Untranslation (strength: 1.000), Misalignment (strength: 0.505). Repeated hotkey remains VISUALLY_UNSUPPORTED via plain OCR."
97,Civil3d,Civil3d-35,ESP,Untranslation,Misalignment,Overlapping;Untranslation,False,1.0,"Structural Column Grid Break (222.0px anchor break, 226.0px residual drift)",Misalignment;Untranslation;Overlapping;Truncation;Repeated hotkey,Misalignment,Misalignment;Overlapping,False,True,MODERATE_EVIDENCE,1.0,222.0,226.0,0.192,STRONG_EVIDENCE,0.544,1784,66,14,MODERATE_EVIDENCE,0.0,0,0,0,STRONG_EVIDENCE,1.0,6,11,1,VISUALLY_UNSUPPORTED,-1.0,False,True,True,1.0,False,False,WRONG_PRIMARY_GT_IN_SECONDARY,ARBITRATION_PROBLEM (Multi-defect precedence ranking),Misalignment generated higher continuous specificity (1.0) than Untranslation (1.0).,Downstream consequence or compound coexisting defect,"Primary diagnosis is Misalignment (strength: 1.000) driven by Structural Column Grid Break (222.0px anchor break, 226.0px residual drift). Causal Precedence: Causal Rule 3: Positive inter-sibling intrusion outranks internal boundary clipping. Coexisting secondary defect mechanisms preserved: Overlapping (strength: 1.000), Untranslation (strength: 1.000). Repeated hotkey remains VISUALLY_UNSUPPORTED via plain OCR."
98,Inventor,Inventor-04,KOR,Untranslation,Truncation,Untranslation;Misalignment;Overlapping,False,1.0,"Text Boundary Clipping / Localized Ellipsis (3 verified ellipsis, 545px overflow)",Misalignment;Overlapping;Truncation;Untranslation;Repeated hotkey,Truncation,Truncation;Untranslation,False,True,STRONG_EVIDENCE,1.0,463.0,330.0,0.086,STRONG_EVIDENCE,1.0,29918,317,40,STRONG_EVIDENCE,1.0,3,545,0,STRONG_EVIDENCE,0.6,3,6,0,VISUALLY_UNSUPPORTED,-1.0,False,True,True,0.6,False,False,WRONG_PRIMARY_GT_IN_SECONDARY,ARBITRATION_PROBLEM (Multi-defect precedence ranking),Truncation generated higher continuous specificity (1.0) than Untranslation (0.6).,Downstream consequence or compound coexisting defect,"Primary diagnosis is Truncation (strength: 1.000) driven by Text Boundary Clipping / Localized Ellipsis (3 verified ellipsis, 545px overflow). Causal Precedence: Causal Rule 1: Untranslated English text outranks downstream layout reflow/contact. Causal Rule 3: Verified localized ellipsis / rigid container overflow outranks incidental contact. Coexisting secondary defect mechanisms preserved: Untranslation (strength: 1.000), Misalignment (strength: 0.700), Overlapping (strength: 0.450). Repeated hotkey remains VISUALLY_UNSUPPORTED via plain OCR."
99,Inventor,Inventor-06,PTB,Untranslation,Truncation,Untranslation;Misalignment;Overlapping,False,1.0,"Text Boundary Clipping / Localized Ellipsis (11 verified ellipsis, 0px overflow)",Misalignment;Truncation;Untranslation;Overlapping;Repeated hotkey,Truncation,Truncation;Untranslation,False,True,STRONG_EVIDENCE,1.0,147.0,147.0,0.718,STRONG_EVIDENCE,0.911,3216,105,19,STRONG_EVIDENCE,1.0,11,0,0,STRONG_EVIDENCE,1.0,16,27,5,VISUALLY_UNSUPPORTED,-1.0,False,True,True,1.0,False,False,WRONG_PRIMARY_GT_IN_SECONDARY,ARBITRATION_PROBLEM (Multi-defect precedence ranking),Truncation generated higher continuous specificity (1.0) than Untranslation (1.0).,Downstream consequence or compound coexisting defect,"Primary diagnosis is Truncation (strength: 1.000) driven by Text Boundary Clipping / Localized Ellipsis (11 verified ellipsis, 0px overflow). Causal Precedence: Causal Rule 3: Verified localized ellipsis / rigid container overflow outranks incidental contact. Coexisting secondary defect mechanisms preserved: Untranslation (strength: 1.000), Misalignment (strength: 0.791), Overlapping (strength: 0.700). Repeated hotkey remains VISUALLY_UNSUPPORTED via plain OCR."
100,Inventor,Inventor-09,DEU,Untranslation,Truncation,Overlapping,False,0.33,"Text Boundary Clipping / Localized Ellipsis (0 verified ellipsis, 0px overflow)",Untranslation;Misalignment;Overlapping;Truncation;Repeated hotkey,Truncation,Truncation;Overlapping,False,False,WEAK_EVIDENCE,0.099,12.0,12.17,0.709,MODERATE_EVIDENCE,0.0,0,0,0,MODERATE_EVIDENCE,0.0,0,0,0,MODERATE_EVIDENCE,0.15,1,1,4,VISUALLY_UNSUPPORTED,-1.0,False,False,True,0.15,False,False,OTHER,EXTRACTION_PROBLEM (Element matching or boundary fit failed to capture GT),Ground Truth Untranslation was completely absent from detected physical streams; Truncation was the only active signal.,Independent visual defect or false positive,"Primary diagnosis is Truncation (strength: 0.330) driven by Text Boundary Clipping / Localized Ellipsis (0 verified ellipsis, 0px overflow). Coexisting secondary defect mechanisms preserved: Overlapping (strength: 0.268). Repeated hotkey remains VISUALLY_UNSUPPORTED via plain OCR."
101,Inventor,Inventor-13,RUS,Untranslation,Truncation,Untranslation,False,1.0,"Text Boundary Clipping / Localized Ellipsis (0 verified ellipsis, 221px overflow)",Truncation;Untranslation;Misalignment;Overlapping;Repeated hotkey,Truncation,Truncation;Untranslation,False,True,WEAK_EVIDENCE,0.015,2.0,3.16,1.0,WEAK_EVIDENCE,0.0,0,0,0,STRONG_EVIDENCE,1.0,0,221,0,STRONG_EVIDENCE,1.0,37,43,4,VISUALLY_UNSUPPORTED,-1.0,False,True,True,1.0,False,False,WRONG_PRIMARY_GT_IN_SECONDARY,ARBITRATION_PROBLEM (Multi-defect precedence ranking),Truncation generated higher continuous specificity (1.0) than Untranslation (1.0).,Downstream consequence or compound coexisting defect,"Primary diagnosis is Truncation (strength: 1.000) driven by Text Boundary Clipping / Localized Ellipsis (0 verified ellipsis, 221px overflow). Causal Precedence: Causal Rule 1: Untranslated English text outranks downstream layout reflow/contact. Causal Rule 3: Verified localized ellipsis / rigid container overflow outranks incidental contact. Coexisting secondary defect mechanisms preserved: Untranslation (strength: 1.000). Repeated hotkey remains VISUALLY_UNSUPPORTED via plain OCR."
102,Inventor,Inventor-16,JPN,Untranslation,Untranslation,Overlapping;Truncation;Misalignment,False,1.0,"Preserved User-Facing English Lexicon (4 untranslated strings, 4 Latin words)",Truncation;Overlapping;Misalignment;Untranslation;Repeated hotkey,Untranslation,Untranslation;Overlapping,True,True,MODERATE_EVIDENCE,0.603,78.0,122.15,0.712,STRONG_EVIDENCE,0.646,2256,75,20,STRONG_EVIDENCE,1.0,0,278,0,STRONG_EVIDENCE,0.6,4,4,0,VISUALLY_UNSUPPORTED,-1.0,True,False,True,0.6,False,False,CORRECT_PRIMARY,,,,"Primary diagnosis is Untranslation (strength: 1.000) driven by Preserved User-Facing English Lexicon (4 untranslated strings, 4 Latin words). Causal Precedence: Causal Rule 1: Untranslated English text outranks downstream layout reflow/contact. Causal Rule 3: Positive inter-sibling intrusion outranks internal boundary clipping. Coexisting secondary defect mechanisms preserved: Overlapping (strength: 0.851), Truncation (strength: 0.500), Misalignment (strength: 0.284). Repeated hotkey remains VISUALLY_UNSUPPORTED via plain OCR."
103,Inventor,Inventor-22,KOR,Untranslation,Misalignment,Overlapping;Untranslation,False,1.0,"Structural Column Grid Break (626.0px anchor break, 490.4px residual drift)",Misalignment;Overlapping;Untranslation;Truncation;Repeated hotkey,Misalignment,Misalignment;Overlapping,False,True,STRONG_EVIDENCE,1.0,626.0,490.37,0.053,STRONG_EVIDENCE,1.0,26809,190,43,MODERATE_EVIDENCE,0.0,0,0,0,STRONG_EVIDENCE,1.0,11,20,0,VISUALLY_UNSUPPORTED,-1.0,False,True,True,1.0,False,False,WRONG_PRIMARY_GT_IN_SECONDARY,ARBITRATION_PROBLEM (Multi-defect precedence ranking),Misalignment generated higher continuous specificity (1.0) than Untranslation (1.0).,Downstream consequence or compound coexisting defect,"Primary diagnosis is Misalignment (strength: 1.000) driven by Structural Column Grid Break (626.0px anchor break, 490.4px residual drift). Causal Precedence: Causal Rule 2: Structural column grid break outranks downstream viewport edge clipping. Causal Rule 3: Positive inter-sibling intrusion outranks internal boundary clipping. Coexisting secondary defect mechanisms preserved: Overlapping (strength: 1.000), Untranslation (strength: 1.000). Repeated hotkey remains VISUALLY_UNSUPPORTED via plain OCR."
104,Inventor,Inventor-23,KOR,Untranslation,Overlapping,Misalignment,False,0.884,"Geometric Boundary Collision (1329px² overlap area, 46.0px intrusion)",Overlapping;Misalignment;Truncation;Untranslation;Repeated hotkey,Overlapping,Overlapping;Misalignment,False,False,MODERATE_EVIDENCE,0.268,18.0,69.59,0.321,STRONG_EVIDENCE,0.389,1329,46,17,WEAK_EVIDENCE,0.0,0,0,0,NO_EVIDENCE,0.0,0,0,0,VISUALLY_UNSUPPORTED,-1.0,False,False,False,0.0,True,False,WRONG_PRIMARY_GT_ABSENT,EXTRACTION_PROBLEM (Element matching or boundary fit failed to capture GT),Ground Truth Untranslation was completely absent from detected physical streams; Overlapping was the only active signal.,Independent visual defect or false positive,"Primary diagnosis is Overlapping (strength: 0.884) driven by Geometric Boundary Collision (1329px² overlap area, 46.0px intrusion). Causal Precedence: Causal Rule 3: Positive inter-sibling intrusion outranks internal boundary clipping. Coexisting secondary defect mechanisms preserved: Misalignment (strength: 0.342). Repeated hotkey remains VISUALLY_UNSUPPORTED via plain OCR."
105,Vault,Vault-07,KOR,Untranslation,Untranslation,Truncation,False,1.0,"Preserved User-Facing English Lexicon (3 untranslated strings, 5 Latin words)",Truncation;Untranslation;Overlapping;Misalignment;Repeated hotkey,Untranslation,Untranslation;Truncation,True,True,MODERATE_EVIDENCE,0.11,1.0,40.51,0.055,STRONG_EVIDENCE,0.285,1039,32,16,STRONG_EVIDENCE,0.6,1,0,0,STRONG_EVIDENCE,0.55,3,5,0,VISUALLY_UNSUPPORTED,-1.0,True,False,True,0.55,False,False,CORRECT_PRIMARY,,,,"Primary diagnosis is Untranslation (strength: 1.000) driven by Preserved User-Facing English Lexicon (3 untranslated strings, 5 Latin words). Causal Precedence: Causal Rule 1: Untranslated English text outranks downstream layout reflow/contact. Causal Rule 3: Verified localized ellipsis / rigid container overflow outranks incidental contact. Coexisting secondary defect mechanisms preserved: Truncation (strength: 0.650). Repeated hotkey remains VISUALLY_UNSUPPORTED via plain OCR."
106,Vault,Vault-10,CHS,Untranslation,Untranslation,Truncation,False,0.996,"Preserved User-Facing English Lexicon (2 untranslated strings, 5 Latin words)",Truncation;Untranslation;Misalignment;Overlapping;Repeated hotkey,Untranslation,Untranslation;Truncation,True,True,WEAK_EVIDENCE,0.004,0.0,2.0,1.0,NO_EVIDENCE,0.0,0,0,0,STRONG_EVIDENCE,0.6,1,0,0,STRONG_EVIDENCE,0.45,2,5,0,VISUALLY_UNSUPPORTED,-1.0,True,False,True,0.45,False,False,CORRECT_PRIMARY,,,,"Primary diagnosis is Untranslation (strength: 0.996) driven by Preserved User-Facing English Lexicon (2 untranslated strings, 5 Latin words). Causal Precedence: Causal Rule 1: Untranslated English text outranks downstream layout reflow/contact. Causal Rule 3: Verified localized ellipsis / rigid container overflow outranks incidental contact. Coexisting secondary defect mechanisms preserved: Truncation (strength: 0.650). Repeated hotkey remains VISUALLY_UNSUPPORTED via plain OCR."
107,Vault,Vault-13,CSY,Untranslation,Overlapping,Untranslation;Misalignment,False,1.0,"Geometric Boundary Collision (3360px² overlap area, 120.0px intrusion)",Misalignment;Overlapping;Untranslation;Truncation;Repeated hotkey,Overlapping,Overlapping;Untranslation,False,True,STRONG_EVIDENCE,1.0,230.0,115.0,0.0,STRONG_EVIDENCE,1.0,3360,120,15,MODERATE_EVIDENCE,0.0,0,0,0,STRONG_EVIDENCE,0.5,2,6,0,VISUALLY_UNSUPPORTED,-1.0,False,True,True,0.5,False,False,WRONG_PRIMARY_GT_IN_SECONDARY,ARBITRATION_PROBLEM (Multi-defect precedence ranking),Overlapping generated higher continuous specificity (1.0) than Untranslation (0.5).,Downstream consequence or compound coexisting defect,"Primary diagnosis is Overlapping (strength: 1.000) driven by Geometric Boundary Collision (3360px² overlap area, 120.0px intrusion). Causal Precedence: Causal Rule 1: Untranslated English text outranks downstream layout reflow/contact. Causal Rule 2: Structural column grid break outranks downstream viewport edge clipping. Causal Rule 3: Positive inter-sibling intrusion outranks internal boundary clipping. Coexisting secondary defect mechanisms preserved: Untranslation (strength: 1.000), Misalignment (strength: 0.650). Repeated hotkey remains VISUALLY_UNSUPPORTED via plain OCR."
108,Vault,Vault-15,DEU,Untranslation,Untranslation,,False,0.808,"Preserved User-Facing English Lexicon (2 untranslated strings, 2 Latin words)",Untranslation;Misalignment;Overlapping;Truncation;Repeated hotkey,Untranslation,Untranslation,True,True,WEAK_EVIDENCE,0.01,1.0,3.16,1.0,MODERATE_EVIDENCE,0.0,0,0,0,MODERATE_EVIDENCE,0.0,0,0,0,STRONG_EVIDENCE,0.3,2,2,1,VISUALLY_UNSUPPORTED,-1.0,True,False,True,0.3,False,False,CORRECT_PRIMARY,,,,"Primary diagnosis is Untranslation (strength: 0.808) driven by Preserved User-Facing English Lexicon (2 untranslated strings, 2 Latin words). Causal Precedence: Causal Rule 1: Untranslated English text outranks downstream layout reflow/contact. Repeated hotkey remains VISUALLY_UNSUPPORTED via plain OCR."
109,Vault,Vault-16,HUN,Untranslation,Misalignment,Truncation;Untranslation,False,1.0,"Structural Column Grid Break (127.0px anchor break, 145.9px residual drift)",Truncation;Misalignment;Untranslation;Overlapping;Repeated hotkey,Misalignment,Misalignment;Truncation,False,True,MODERATE_EVIDENCE,0.856,127.0,145.89,0.175,MODERATE_EVIDENCE,0.0,0,0,0,STRONG_EVIDENCE,1.0,4,0,0,STRONG_EVIDENCE,0.3,1,4,0,VISUALLY_UNSUPPORTED,-1.0,False,True,True,0.3,False,False,WRONG_PRIMARY_GT_IN_SECONDARY,ARBITRATION_PROBLEM (Multi-defect precedence ranking),Misalignment generated higher continuous specificity (1.0) than Untranslation (0.3).,Downstream consequence or compound coexisting defect,"Primary diagnosis is Misalignment (strength: 1.000) driven by Structural Column Grid Break (127.0px anchor break, 145.9px residual drift). Causal Precedence: Causal Rule 3: Verified localized ellipsis / rigid container overflow outranks incidental contact. Coexisting secondary defect mechanisms preserved: Truncation (strength: 1.000), Untranslation (strength: 0.417). Repeated hotkey remains VISUALLY_UNSUPPORTED via plain OCR."
110,Vault,Vault-19,KOR,Untranslation,Truncation,Misalignment;Untranslation;Overlapping,False,0.9,"Text Boundary Clipping / Localized Ellipsis (1 verified ellipsis, 0px overflow)",Overlapping;Misalignment;Truncation;Untranslation;Repeated hotkey,Truncation,Truncation;Misalignment,False,True,STRONG_EVIDENCE,0.72,103.0,101.18,0.474,STRONG_EVIDENCE,1.0,1666,304,20,STRONG_EVIDENCE,0.6,1,0,0,STRONG_EVIDENCE,0.5,3,4,0,VISUALLY_UNSUPPORTED,-1.0,False,True,True,0.5,False,False,WRONG_PRIMARY_GT_IN_SECONDARY,ARBITRATION_PROBLEM (Multi-defect precedence ranking),Truncation generated higher continuous specificity (0.9) than Untranslation (0.5).,Downstream consequence or compound coexisting defect,"Primary diagnosis is Truncation (strength: 0.900) driven by Text Boundary Clipping / Localized Ellipsis (1 verified ellipsis, 0px overflow). Causal Precedence: Causal Rule 3: Verified localized ellipsis / rigid container overflow outranks incidental contact. Coexisting secondary defect mechanisms preserved: Misalignment (strength: 0.820), Untranslation (strength: 0.750), Overlapping (strength: 0.433). Repeated hotkey remains VISUALLY_UNSUPPORTED via plain OCR."
111,Vault,Vault-22,CHS,Untranslation,Untranslation,,False,1.0,"Preserved User-Facing English Lexicon (8 untranslated strings, 10 Latin words)",Untranslation;Misalignment;Overlapping;Truncation;Repeated hotkey,Untranslation,Untranslation,True,True,MODERATE_EVIDENCE,0.337,50.0,50.99,0.536,MODERATE_EVIDENCE,0.0,0,0,0,MODERATE_EVIDENCE,0.0,0,0,0,STRONG_EVIDENCE,1.0,8,10,1,VISUALLY_UNSUPPORTED,-1.0,True,False,True,1.0,False,False,CORRECT_PRIMARY,,,,"Primary diagnosis is Untranslation (strength: 1.000) driven by Preserved User-Facing English Lexicon (8 untranslated strings, 10 Latin words). Causal Precedence: Causal Rule 1: Untranslated English text outranks downstream layout reflow/contact. Repeated hotkey remains VISUALLY_UNSUPPORTED via plain OCR."
112,Vault,Vault-25,CSY,Untranslation,Untranslation,,False,0.933,"Preserved User-Facing English Lexicon (2 untranslated strings, 4 Latin words)",Untranslation;Misalignment;Overlapping;Truncation;Repeated hotkey,Untranslation,Untranslation,True,True,NO_EVIDENCE,0.036,0.0,0.0,0.0,MODERATE_EVIDENCE,0.0,0,0,0,MODERATE_EVIDENCE,0.0,0,0,0,STRONG_EVIDENCE,0.4,2,4,0,VISUALLY_UNSUPPORTED,-1.0,True,False,True,0.4,False,False,CORRECT_PRIMARY,,,,"Primary diagnosis is Untranslation (strength: 0.933) driven by Preserved User-Facing English Lexicon (2 untranslated strings, 4 Latin words). Causal Precedence: Causal Rule 1: Untranslated English text outranks downstream layout reflow/contact. Repeated hotkey remains VISUALLY_UNSUPPORTED via plain OCR."
113,Vault,Vault-30,JPN,Untranslation,Truncation,Untranslation,False,0.65,"Text Boundary Clipping / Localized Ellipsis (1 verified ellipsis, 0px overflow)",Truncation;Untranslation;Misalignment;Overlapping;Repeated hotkey,Truncation,Truncation;Untranslation,False,True,NO_EVIDENCE,0.1,0.0,0.0,-0.002,NO_EVIDENCE,0.0,0,0,0,STRONG_EVIDENCE,0.6,1,0,0,STRONG_EVIDENCE,0.2,1,2,0,VISUALLY_UNSUPPORTED,-1.0,False,True,True,0.2,False,False,WRONG_PRIMARY_GT_IN_SECONDARY,ARBITRATION_PROBLEM (Multi-defect precedence ranking),Truncation generated higher continuous specificity (0.65) than Untranslation (0.2).,Downstream consequence or compound coexisting defect,"Primary diagnosis is Truncation (strength: 0.650) driven by Text Boundary Clipping / Localized Ellipsis (1 verified ellipsis, 0px overflow). Causal Precedence: Causal Rule 1: Untranslated English text outranks downstream layout reflow/contact. Causal Rule 3: Verified localized ellipsis / rigid container overflow outranks incidental contact. Coexisting secondary defect mechanisms preserved: Untranslation (strength: 0.642). Repeated hotkey remains VISUALLY_UNSUPPORTED via plain OCR."
114,Vault,Vault-38,FRA,Untranslation,Truncation,Untranslation;Misalignment,False,1.0,"Text Boundary Clipping / Localized Ellipsis (2 verified ellipsis, 0px overflow)",Truncation;Untranslation;Misalignment;Overlapping;Repeated hotkey,Truncation,Truncation;Untranslation,False,True,MODERATE_EVIDENCE,0.671,104.0,104.0,0.249,MODERATE_EVIDENCE,0.0,0,0,0,STRONG_EVIDENCE,1.0,2,0,0,STRONG_EVIDENCE,1.0,8,18,0,VISUALLY_UNSUPPORTED,-1.0,False,True,True,1.0,False,False,WRONG_PRIMARY_GT_IN_SECONDARY,ARBITRATION_PROBLEM (Multi-defect precedence ranking),Truncation generated higher continuous specificity (1.0) than Untranslation (1.0).,Downstream consequence or compound coexisting defect,"Primary diagnosis is Truncation (strength: 1.000) driven by Text Boundary Clipping / Localized Ellipsis (2 verified ellipsis, 0px overflow). Causal Precedence: Causal Rule 3: Verified localized ellipsis / rigid container overflow outranks incidental contact. Coexisting secondary defect mechanisms preserved: Untranslation (strength: 1.000), Misalignment (strength: 0.861). Repeated hotkey remains VISUALLY_UNSUPPORTED via plain OCR."
